﻿<?xml version="1.0" encoding="UTF-8" standalone="yes"?>
<results>
	<page pageNumber="1">
		<paragraph><![CDATA[MAGAZINE FALL/WINTER 2017 ]]></paragraph>
		<paragraph><![CDATA[The Coastal Connection ]]></paragraph>
		<paragraph><![CDATA[Diving into marine science ]]></paragraph>
		<paragraph><![CDATA[UC DAVIS COLLEGE OF AGRICULTURAL AND ENVIRONMENTAL SCIENCES ]]></paragraph>
		<paragraph><![CDATA[1 ]]></paragraph>
	</page>
	<page pageNumber="2">
		<paragraph><![CDATA[Bodega Marine Lab ]]></paragraph>
		<paragraph><![CDATA[researcher Kristin Aquilino ]]></paragraph>
		<paragraph><![CDATA[(left) shares tide pool ]]></paragraph>
		<paragraph><![CDATA[creatures with Helene ]]></paragraph>
		<paragraph><![CDATA[Dillard, dean of the College ]]></paragraph>
		<paragraph><![CDATA[of Agricultural and ]]></paragraph>
		<paragraph><![CDATA[Environmental Sciences, ]]></paragraph>
		<paragraph><![CDATA[(center) and Mark Winey, ]]></paragraph>
		<paragraph><![CDATA[dean of the College of ]]></paragraph>
		<paragraph><![CDATA[Biological Sciences. ]]></paragraph>
		<paragraph><![CDATA[ROBIN DERIEUX/UC Davis ]]></paragraph>
		<paragraph><![CDATA[From the Dean ]]></paragraph>
		<paragraph><![CDATA[Working together to protect marine resources ]]></paragraph>
		<paragraph><![CDATA[for its leadership ]]></paragraph>
		<paragraph><![CDATA[in the agricultural sciences, our programs in ]]></paragraph>
		<paragraph><![CDATA[human and environmental sciences are also ]]></paragraph>
		<paragraph><![CDATA[among the best in the nation. ]]></paragraph>
		<paragraph><![CDATA[A striking example of this is in the marine and ]]></paragraph>
		<paragraph><![CDATA[coastal sciences. We have many faculty members ]]></paragraph>
		<paragraph><![CDATA[working in this field, and in the pages that follow, ]]></paragraph>
		<paragraph><![CDATA[we feature some of that work: on ocean upwelling, ]]></paragraph>
		<paragraph><![CDATA[marine protected areas, endangered white abalone, ]]></paragraph>
		<paragraph><![CDATA[the sustainability of seafood, and other areas. ]]></paragraph>
		<paragraph><![CDATA[In 2013, faculty from our college and the ]]></paragraph>
		<paragraph><![CDATA[College of Biological Sciences (CBS) worked ]]></paragraph>
		<paragraph><![CDATA[together to create the Coastal and Marine Sciences ]]></paragraph>
		<paragraph><![CDATA[Institute. This institute aims to coordinate and ]]></paragraph>
		<paragraph><![CDATA[promote research, foster partnerships, and ]]></paragraph>
		<paragraph><![CDATA[host symposia and other educational events. In ]]></paragraph>
		<paragraph><![CDATA[addition, a relatively new undergraduate major ]]></paragraph>
		<paragraph><![CDATA[in marine and coastal science draws upon the ]]></paragraph>
		<paragraph><![CDATA[capabilities from our college, as well as those of ]]></paragraph>
		<paragraph><![CDATA[CBS and the College of Letters and Science. ]]></paragraph>
		<paragraph><![CDATA[At the heart of much of this activity is the ]]></paragraph>
		<paragraph><![CDATA[50-year-old Bodega Marine Laboratory (BML), a ]]></paragraph>
		<paragraph><![CDATA[mini-campus on the Sonoma Coast and a portal ]]></paragraph>
		<paragraph><![CDATA[to one of the most productive marine ecosystems ]]></paragraph>
		<paragraph><![CDATA[in the world. Scientists and students at BML come ]]></paragraph>
		<paragraph><![CDATA[from many different disciplines and reap the ]]></paragraph>
		<paragraph><![CDATA[benefit of a culture of collaboration that is part ]]></paragraph>
		<paragraph><![CDATA[of our land-grant tradition. Some of our students ]]></paragraph>
		<paragraph><![CDATA[WHILE UC DAVIS IS RENOWNED ]]></paragraph>
		<paragraph><![CDATA[spend part of their summer exploring fascinating ]]></paragraph>
		<paragraph><![CDATA[areas of coastal and marine science at BML in a ]]></paragraph>
		<paragraph><![CDATA[resident program. ]]></paragraph>
		<paragraph><![CDATA[We see other encouraging signs of growth in ]]></paragraph>
		<paragraph><![CDATA[this field, such as a recent $3 million grant from ]]></paragraph>
		<paragraph><![CDATA[the National Science Foundation to train the next ]]></paragraph>
		<paragraph><![CDATA[generation of marine scientists. This effort will ]]></paragraph>
		<paragraph><![CDATA[give greater emphasis to policy in the research ]]></paragraph>
		<paragraph><![CDATA[and training enterprise for more effective linkages ]]></paragraph>
		<paragraph><![CDATA[between marine science and resource-management ]]></paragraph>
		<paragraph><![CDATA[decisions. The project will train 60 Ph.D. students ]]></paragraph>
		<paragraph><![CDATA[in fields such as ecology, conservation biology, ]]></paragraph>
		<paragraph><![CDATA[economics, geology, physiology, biogeochemistry, ]]></paragraph>
		<paragraph><![CDATA[and oceanography. Trainees will be recruited from ]]></paragraph>
		<paragraph><![CDATA[a diversity of populations, with special attention ]]></paragraph>
		<paragraph><![CDATA[to students from natural resource-dependent ]]></paragraph>
		<paragraph><![CDATA[communities. The program will help shape the ]]></paragraph>
		<paragraph><![CDATA[future of a new marine science Ph.D. program at ]]></paragraph>
		<paragraph><![CDATA[UC Davis. ]]></paragraph>
		<paragraph><![CDATA[With our partners throughout the campus ]]></paragraph>
		<paragraph><![CDATA[and beyond, we are building new capabilities ]]></paragraph>
		<paragraph><![CDATA[to address the challenges and opportunities ]]></paragraph>
		<paragraph><![CDATA[where the land meets the sea. This is an exciting ]]></paragraph>
		<paragraph><![CDATA[time for the university. Our goal is to become a ]]></paragraph>
		<paragraph><![CDATA[global leader helping to ensure the sustainability ]]></paragraph>
		<paragraph><![CDATA[of oceans and the resources we draw from them. ]]></paragraph>
	</page>
	<page pageNumber="3">
		<paragraph><![CDATA[OUTLOOK ]]></paragraph>
		<paragraph><![CDATA[MAGAZINE FALL/WINTER 2017 ]]></paragraph>
		<paragraph><![CDATA[Dean Helene R. Dillard ]]></paragraph>
		<paragraph><![CDATA[Director of Communications ]]></paragraph>
		<paragraph><![CDATA[Caren Weintraub ]]></paragraph>
		<paragraph><![CDATA[Managing Editor ]]></paragraph>
		<paragraph><![CDATA[John Stumbos ]]></paragraph>
		<paragraph><![CDATA[Writers ]]></paragraph>
		<paragraph><![CDATA[Robin DeRieux ]]></paragraph>
		<paragraph><![CDATA[Diane Nelson ]]></paragraph>
		<paragraph><![CDATA[From Crest to Coast ]]></paragraph>
		<paragraph><![CDATA[Designer UC DAVIS IS GROWING INTO A POWERHOUSE IN MARINE AND COASTAL SCIENCES — ]]></paragraph>
		<paragraph><![CDATA[Lisa Wells ]]></paragraph>
		<paragraph><![CDATA[Digital Editor ]]></paragraph>
		<paragraph><![CDATA[Stephanie Perla ]]></paragraph>
		<paragraph><![CDATA[This publication is partially ]]></paragraph>
		<paragraph><![CDATA[funded through gifts from the ]]></paragraph>
		<paragraph><![CDATA[James G. Boswell Foundation. ]]></paragraph>
		<paragraph><![CDATA[Published by the University ]]></paragraph>
		<paragraph><![CDATA[of California, Davis. ©2017 by ]]></paragraph>
		<paragraph><![CDATA[The Regents of the University ]]></paragraph>
		<paragraph><![CDATA[of California, Davis campus. ]]></paragraph>
		<paragraph><![CDATA[College of Agricultural and ]]></paragraph>
		<paragraph><![CDATA[Environmental Sciences Outlook ]]></paragraph>
		<paragraph><![CDATA[magazine is available online ]]></paragraph>
		<paragraph><![CDATA[at outlook.ucdavis.edu. ]]></paragraph>
		<paragraph><![CDATA[To update your address or ]]></paragraph>
		<paragraph><![CDATA[to subscribe: ]]></paragraph>
		<paragraph><![CDATA[email: outlook@agdean.ucdavis.edu ]]></paragraph>
		<paragraph><![CDATA[phone: 530–752–2120 ]]></paragraph>
		<paragraph><![CDATA[mail: Outlook Magazine ]]></paragraph>
		<paragraph><![CDATA[Dean’s Office, CA&ES ]]></paragraph>
		<paragraph><![CDATA[One Shields Ave. ]]></paragraph>
		<paragraph><![CDATA[Davis, CA 95616-8571 ]]></paragraph>
		<paragraph><![CDATA[and that should come as no surprise. Our campus is located in the heart of ]]></paragraph>
		<paragraph><![CDATA[California’s Central Valley at the confluence of freshwater and marine ecosystems. ]]></paragraph>
		<paragraph><![CDATA[Our expertise connects those systems—from the crest of the Sierra Nevada to ]]></paragraph>
		<paragraph><![CDATA[California’s coastal areas and beyond. In this issue we look at research into the ]]></paragraph>
		<paragraph><![CDATA[marine environment and innovative education programs preparing our students ]]></paragraph>
		<paragraph><![CDATA[to lead on coastal issues. ]]></paragraph>
		<paragraph><![CDATA[FEATURES 4 ]]></paragraph>
		<paragraph><![CDATA[6 Nutrient-rich water upwells ]]></paragraph>
		<paragraph><![CDATA[at Bodega ]]></paragraph>
		<paragraph><![CDATA[Polar species have ]]></paragraph>
		<paragraph><![CDATA[nowhere to go ]]></paragraph>
		<paragraph><![CDATA[Prime Location ]]></paragraph>
		<paragraph><![CDATA[12 California Marine ]]></paragraph>
		<paragraph><![CDATA[Protected Areas ]]></paragraph>
		<paragraph><![CDATA[Protecting ocean life ]]></paragraph>
		<paragraph><![CDATA[and habitat ]]></paragraph>
		<paragraph><![CDATA[ON THE COVER ]]></paragraph>
		<paragraph><![CDATA[Divers help UC Davis researchers ]]></paragraph>
		<paragraph><![CDATA[gather polar fish to study how ]]></paragraph>
		<paragraph><![CDATA[ocean warming and acidification ]]></paragraph>
		<paragraph><![CDATA[affect aquatic life, including ]]></paragraph>
		<paragraph><![CDATA[species important to California ]]></paragraph>
		<paragraph><![CDATA[consumers. COVER PHOTO BY: ]]></paragraph>
		<paragraph><![CDATA[ROB ROBBINS/Antarctic Research Station ]]></paragraph>
		<paragraph><![CDATA[The Last Stop 	 ]]></paragraph>
		<paragraph><![CDATA[9 	 ]]></paragraph>
		<paragraph><![CDATA[Saving a Species ]]></paragraph>
		<paragraph><![CDATA[Bringing abalone back ]]></paragraph>
		<paragraph><![CDATA[from the brink ]]></paragraph>
		<paragraph><![CDATA[14 	 ]]></paragraph>
		<paragraph><![CDATA[Can We Eat Fish and ]]></paragraph>
		<paragraph><![CDATA[Protect It Too? ]]></paragraph>
		<paragraph><![CDATA[Clarifying labels, shoring ]]></paragraph>
		<paragraph><![CDATA[up supply ]]></paragraph>
		<paragraph><![CDATA[DEPARTMENTS 2 News and Notes ]]></paragraph>
		<paragraph><![CDATA[17 Faculty Report ]]></paragraph>
		<paragraph><![CDATA[10 A Closer Look ]]></paragraph>
		<paragraph><![CDATA[18 The Student Story ]]></paragraph>
		<paragraph><![CDATA[16 Making a Difference ]]></paragraph>
		<paragraph><![CDATA[20 Alumni Focus ]]></paragraph>
		<paragraph><![CDATA[21 Final Frame ]]></paragraph>
	</page>
	<page pageNumber="4">
		<paragraph><![CDATA[NEWS AND NOTES ]]></paragraph>
		<paragraph><![CDATA[A Whale of a Win: ]]></paragraph>
		<paragraph><![CDATA[Grad students win ]]></paragraph>
		<paragraph><![CDATA[Smithsonian Film Award ]]></paragraph>
		<paragraph><![CDATA[COLLEGE CELE BRA TION ]]></paragraph>
		<paragraph><![CDATA[Join us at College Celebration on Friday, October 6, 2017, ]]></paragraph>
		<paragraph><![CDATA[from 5:30–8:00 p.m. at the UC Davis ARC Pavilion. The ]]></paragraph>
		<paragraph><![CDATA[college will present the Award of Distinction to eight ]]></paragraph>
		<paragraph><![CDATA[honorees. The evening culminates with a reception and ]]></paragraph>
		<paragraph><![CDATA[our popular Farmers Market display of California produce ]]></paragraph>
		<paragraph><![CDATA[that guests are invited to take home. Come visit your friends ]]></paragraph>
		<paragraph><![CDATA[from the CA&ES family. ]]></paragraph>
		<paragraph><![CDATA[Department of Wildlife, Fish and ]]></paragraph>
		<paragraph><![CDATA[Conservation Biology graduate ]]></paragraph>
		<paragraph><![CDATA[students Emily Miller and Jonathan ]]></paragraph>
		<paragraph><![CDATA[Rose won a student film award earlier ]]></paragraph>
		<paragraph><![CDATA[this year at the Smithsonian’s Earth ]]></paragraph>
		<paragraph><![CDATA[Optimism Summit. Their touching ]]></paragraph>
		<paragraph><![CDATA[video, “The Gray Whales of the ]]></paragraph>
		<paragraph><![CDATA[St. Ignacio Lagoon,” is remarkable, ]]></paragraph>
		<paragraph><![CDATA[inspiring, and optimistic. View it ]]></paragraph>
		<paragraph><![CDATA[online at bit.ly/gray-whales. ]]></paragraph>
		<paragraph><![CDATA[Constructing California ]]></paragraph>
		<paragraph><![CDATA[2 OUTLOOK FALL/WINTER 2017 ]]></paragraph>
		<paragraph><![CDATA[GREGORY URQUIAGA/UC Davis ]]></paragraph>
		<paragraph><![CDATA[Lego lovers got a treat on Picnic Day, with a demonstration ]]></paragraph>
		<paragraph><![CDATA[of coastal fog dispersion throughout an 8-foot by 4-foot ]]></paragraph>
		<paragraph><![CDATA[plastic brick model of the state of California. ]]></paragraph>
		<paragraph><![CDATA[Environmental science and management major Chris ]]></paragraph>
		<paragraph><![CDATA[Zaleski took on the task of building the map of California ]]></paragraph>
		<paragraph><![CDATA[as an intern for the Department of Land, Air and Water ]]></paragraph>
		<paragraph><![CDATA[Resources (LAWR). His meticulously constructed model ]]></paragraph>
		<paragraph><![CDATA[of 32,000 Lego bricks is topographical, built to scale and has ]]></paragraph>
		<paragraph><![CDATA[taken hundreds of hours to assemble. Brick colors reflect ]]></paragraph>
		<paragraph><![CDATA[types of land use—for example, red indicates urban areas, ]]></paragraph>
		<paragraph><![CDATA[blue is water, and dark green is forest. The tallest point, ]]></paragraph>
		<paragraph><![CDATA[Mount Whitney, is 26 Lego bricks high. The goal is to help ]]></paragraph>
		<paragraph><![CDATA[viewers see why California has such varied ecology and is ]]></paragraph>
		<paragraph><![CDATA[so rich in biodiversity. ]]></paragraph>
		<paragraph><![CDATA[Zaleski has been putting finishing touches on the ]]></paragraph>
		<paragraph><![CDATA[California model over the summer in his spare time and ]]></paragraph>
		<paragraph><![CDATA[hopes to finish it this fall. When complete, LAWR will make ]]></paragraph>
		<paragraph><![CDATA[the model available for viewing to the public in Davis prior ]]></paragraph>
		<paragraph><![CDATA[to exhibition at various science museums throughout the ]]></paragraph>
		<paragraph><![CDATA[state, and ultimately, Legoland. ]]></paragraph>
	</page>
	<page pageNumber="5">
		<paragraph><![CDATA[KARIN HIGGINS/UC Davis ]]></paragraph>
		<paragraph><![CDATA[Students who like working with people are drawn to the human ]]></paragraph>
		<paragraph><![CDATA[development major. ]]></paragraph>
		<paragraph><![CDATA[NEW LEADERSHIP ]]></paragraph>
		<paragraph><![CDATA[Chancellor May ]]></paragraph>
		<paragraph><![CDATA[In April, UC Davis launched a weekly blog aimed at current and ]]></paragraph>
		<paragraph><![CDATA[prospective students who are wondering, “What Can I Do with ]]></paragraph>
		<paragraph><![CDATA[My Major?” The blog offers undergraduates a closer look at the ]]></paragraph>
		<paragraph><![CDATA[career paths of alumni in their field, as well as insights from ]]></paragraph>
		<paragraph><![CDATA[currently enrolled students—why they chose that major, what ]]></paragraph>
		<paragraph><![CDATA[they study, and what they hope to do after graduation. ]]></paragraph>
		<paragraph><![CDATA[Reader response has been enthusiastic; the new site garnered ]]></paragraph>
		<paragraph><![CDATA[more than 10,000 page views in its first five weeks. Mixed in ]]></paragraph>
		<paragraph><![CDATA[with blogs on individual majors are advice posts such as “6 ]]></paragraph>
		<paragraph><![CDATA[Steps to Take at College for Job Success” and “5 Tips for New ]]></paragraph>
		<paragraph><![CDATA[Graduates Looking for a Job.” ]]></paragraph>
		<paragraph><![CDATA[The College of Agricultural and Environmental Sciences has ]]></paragraph>
		<paragraph><![CDATA[by far the most popular blog post on the site so far—“What Can ]]></paragraph>
		<paragraph><![CDATA[I Do with a Managerial Economics Major?” The major attracts ]]></paragraph>
		<paragraph><![CDATA[students seeking preparation for a career in business. ]]></paragraph>
		<paragraph><![CDATA[Check out the latest postings at ucdavis.edu/majors/blog. ]]></paragraph>
		<paragraph><![CDATA[Gary May is on the job as the ]]></paragraph>
		<paragraph><![CDATA[new chancellor for UC Davis. ]]></paragraph>
		<paragraph><![CDATA[An accomplished scholar and ]]></paragraph>
		<paragraph><![CDATA[engineer, May previously served ]]></paragraph>
		<paragraph><![CDATA[nearly three decades at the Georgia ]]></paragraph>
		<paragraph><![CDATA[Institute of Technology in Atlanta, ]]></paragraph>
		<paragraph><![CDATA[most recently as dean of the College ]]></paragraph>
		<paragraph><![CDATA[of Engineering. ]]></paragraph>
		<paragraph><![CDATA[In 2010, May was named ]]></paragraph>
		<paragraph><![CDATA[“outstanding engineering alumnus” ]]></paragraph>
		<paragraph><![CDATA[of UC Berkeley, where he earned his ]]></paragraph>
		<paragraph><![CDATA[master’s and Ph.D. degrees in electrical ]]></paragraph>
		<paragraph><![CDATA[engineering and computer science. ]]></paragraph>
		<paragraph><![CDATA[Associate Dean Oberbauer ]]></paragraph>
		<paragraph><![CDATA[Anita Oberbauer, professor and chair ]]></paragraph>
		<paragraph><![CDATA[of the Department of Animal Science, ]]></paragraph>
		<paragraph><![CDATA[has become the college’s new associate ]]></paragraph>
		<paragraph><![CDATA[dean for research and outreach in ]]></paragraph>
		<paragraph><![CDATA[agricultural programs. Oberbauer ]]></paragraph>
		<paragraph><![CDATA[takes over for entomology professor ]]></paragraph>
		<paragraph><![CDATA[Ed Lewis, who took a position at the ]]></paragraph>
		<paragraph><![CDATA[University of Idaho. ]]></paragraph>
		<paragraph><![CDATA[Oberbauer received her B.S. in ]]></paragraph>
		<paragraph><![CDATA[zoology at UC Davis and her Ph.D. ]]></paragraph>
		<paragraph><![CDATA[in animal science from Cornell ]]></paragraph>
		<paragraph><![CDATA[University before joining the animal ]]></paragraph>
		<paragraph><![CDATA[science faculty at UC Davis in 1989. ]]></paragraph>
		<paragraph><![CDATA[Student Farm Director Ullmann ]]></paragraph>
		<paragraph><![CDATA[Katharina Ullmann is the new director ]]></paragraph>
		<paragraph><![CDATA[of the UC Davis Student Farm. She ]]></paragraph>
		<paragraph><![CDATA[succeeds Mark Van Horn, who retired ]]></paragraph>
		<paragraph><![CDATA[after 30 years at the helm. ]]></paragraph>
		<paragraph><![CDATA[Ullmann earned her Ph.D. in entomology ]]></paragraph>
		<paragraph><![CDATA[at UC Davis in 2014, and most recently ]]></paragraph>
		<paragraph><![CDATA[served as a crop pollination specialist ]]></paragraph>
		<paragraph><![CDATA[for the Xerxes Society for Invertebrate ]]></paragraph>
		<paragraph><![CDATA[Conservation. Her professional background ]]></paragraph>
		<paragraph><![CDATA[includes work with citizen scientists, growers, ]]></paragraph>
		<paragraph><![CDATA[undergraduates and K-12 students, as well ]]></paragraph>
		<paragraph><![CDATA[as five years in production farming. ]]></paragraph>
		<paragraph><![CDATA[UC DAVIS COLLEGE OF AGRICULTURAL AND ENVIRONMENTAL SCIENCES ]]></paragraph>
		<paragraph><![CDATA[3 ]]></paragraph>
	</page>
	<page pageNumber="6">
		<paragraph><![CDATA[LOCATION. LOCATION. LOCATION. ]]></paragraph>
		<paragraph><![CDATA[Bodega Marine Laboratory is a coastal research gem ]]></paragraph>
		<paragraph><![CDATA[By Robin DeRieux ]]></paragraph>
		<paragraph><![CDATA[THE UC DAVIS BODEGA MARINE LABORATORY (BML) ]]></paragraph>
		<paragraph><![CDATA[is perched on a rugged promontory that extends ]]></paragraph>
		<paragraph><![CDATA[far into the Pacific Ocean. Located on the ]]></paragraph>
		<paragraph><![CDATA[UC Bodega Marine Reserve and alongside ocean ]]></paragraph>
		<paragraph><![CDATA[waters protected by state and federal agencies, ]]></paragraph>
		<paragraph><![CDATA[the lab looks out on coastline rich with kelp, ]]></paragraph>
		<paragraph><![CDATA[mussels, fish, seals, sharks, passing whales, ]]></paragraph>
		<paragraph><![CDATA[and seabirds. ]]></paragraph>
		<paragraph><![CDATA[The lab’s prime location is no accident. ]]></paragraph>
		<paragraph><![CDATA[“People thought long and hard about where to ]]></paragraph>
		<paragraph><![CDATA[locate a northern California marine station for ]]></paragraph>
		<paragraph><![CDATA[the University of California,” said Rick Grosberg, ]]></paragraph>
		<paragraph><![CDATA[founding director of the Coastal and Marine ]]></paragraph>
		<paragraph><![CDATA[Sciences Institute at UC Davis and a professor of ]]></paragraph>
		<paragraph><![CDATA[evolution and ecology. “They put it at one of the ]]></paragraph>
		<paragraph><![CDATA[most biologically diverse and productive parts of ]]></paragraph>
		<paragraph><![CDATA[the coastal ocean.” ]]></paragraph>
		<paragraph><![CDATA[About 50 miles north of San Francisco, Bodega ]]></paragraph>
		<paragraph><![CDATA[Head has served as a field site for researchers ]]></paragraph>
		<paragraph><![CDATA[and students since the 1920s. The laboratory ]]></paragraph>
		<paragraph><![CDATA[and reserve were founded to serve the entire ]]></paragraph>
		<paragraph><![CDATA[UC system and transferred to UC Davis ]]></paragraph>
		<paragraph><![CDATA[management in 1983. ]]></paragraph>
		<paragraph><![CDATA[Upwelling shapes California agriculture ]]></paragraph>
		<paragraph><![CDATA[Cold water upwelling contributes to the ]]></paragraph>
		<paragraph><![CDATA[“marine layer” along the California coast, the ]]></paragraph>
		<paragraph><![CDATA[blanket of cool moist air that intrudes inland and ]]></paragraph>
		<paragraph><![CDATA[moderates the state’s temperatures. In summer, ]]></paragraph>
		<paragraph><![CDATA[when upwelling tends to be strongest, coastal ]]></paragraph>
		<paragraph><![CDATA[fog envelops strawberries and lettuce in Salinas, ]]></paragraph>
		<paragraph><![CDATA[Nutrient-rich water upwells at Bodega ]]></paragraph>
		<paragraph><![CDATA[What makes the BML site significant ]]></paragraph>
		<paragraph><![CDATA[is coastal upwelling, which fuels a fertile ]]></paragraph>
		<paragraph><![CDATA[marine ecosystem. ]]></paragraph>
		<paragraph><![CDATA[“There are four major upwelling regions in ]]></paragraph>
		<paragraph><![CDATA[the world,” explained Professor John Largier, ]]></paragraph>
		<paragraph><![CDATA[an environmental oceanographer with a special ]]></paragraph>
		<paragraph><![CDATA[interest in upwelling and a resident faculty ]]></paragraph>
		<paragraph><![CDATA[member at BML. “The laboratory is such a ]]></paragraph>
		<paragraph><![CDATA[great asset because it sits right at the core of the ]]></paragraph>
		<paragraph><![CDATA[California upwelling system.” ]]></paragraph>
		<paragraph><![CDATA[The deep ocean acts as a compost heap of ]]></paragraph>
		<paragraph><![CDATA[sorts, ripe with decayed matter that sinks down ]]></paragraph>
		<paragraph><![CDATA[from above. Deep water is cold, low in oxygen, ]]></paragraph>
		<paragraph><![CDATA[and more acidic than the ocean’s surface. ]]></paragraph>
		<paragraph><![CDATA[When this cold, nutrient-rich water surges ]]></paragraph>
		<paragraph><![CDATA[up from below to replace surface waters that ]]></paragraph>
		<paragraph><![CDATA[are pushed out to sea by prevailing winds ]]></paragraph>
		<paragraph><![CDATA[and currents, the process is called upwelling. ]]></paragraph>
		<paragraph><![CDATA[Nutrients from the deep fertilize the sunlit ]]></paragraph>
		<paragraph><![CDATA[surface waters, spurring the growth of ]]></paragraph>
		<paragraph><![CDATA[phytoplankton—microscopic plant life that ]]></paragraph>
		<paragraph><![CDATA[drifts with the currents and forms the foundation ]]></paragraph>
		<paragraph><![CDATA[for a prolific marine food web. ]]></paragraph>
		<paragraph><![CDATA[4 OUTLOOK SPRING/SUMMER 2017 ]]></paragraph>
	</page>
	<page pageNumber="7">
		<paragraph><![CDATA[Insight into changing ocean conditions ]]></paragraph>
		<paragraph><![CDATA[Upwelling of deep water near BML may also ]]></paragraph>
		<paragraph><![CDATA[give researchers a window into how climate ]]></paragraph>
		<paragraph><![CDATA[change is altering seawater and impacting ]]></paragraph>
		<paragraph><![CDATA[marine organisms. “The deep ocean is naturally ]]></paragraph>
		<paragraph><![CDATA[acidic and hypoxic—two of the changes that we ]]></paragraph>
		<paragraph><![CDATA[think will characterize the future ocean,” said ]]></paragraph>
		<paragraph><![CDATA[Andrew Whitehead, a UC Davis professor of ]]></paragraph>
		<paragraph><![CDATA[environmental toxicology who conducts research ]]></paragraph>
		<paragraph><![CDATA[at BML. In upwelling areas, organisms exposed ]]></paragraph>
		<paragraph><![CDATA[to deep water have evolved to tolerate periods of ]]></paragraph>
		<paragraph><![CDATA[low oxygen and high acidity. ]]></paragraph>
		<paragraph><![CDATA[About 30 percent of the carbon dioxide ]]></paragraph>
		<paragraph><![CDATA[build-up in the Earth’s atmosphere has been ]]></paragraph>
		<paragraph><![CDATA[absorbed by the world’s oceans. This makes ]]></paragraph>
		<paragraph><![CDATA[seawater more acidic, an effect known as ocean ]]></paragraph>
		<paragraph><![CDATA[acidification. “Ocean acidification as a consequence of ]]></paragraph>
		<paragraph><![CDATA[climate change is a great threat for many marine ]]></paragraph>
		<paragraph><![CDATA[organisms, especially those that make shells,” ]]></paragraph>
		<paragraph><![CDATA[said Whitehead. At BML, researchers are working ]]></paragraph>
		<paragraph><![CDATA[with aquaculturists and others to study the ]]></paragraph>
		<paragraph><![CDATA[effects of ocean acidification on shellfish such as ]]></paragraph>
		<paragraph><![CDATA[oysters, mussels, abalone, and crabs. ]]></paragraph>
		<paragraph><![CDATA[Whitehead, using red abalone as a model, ]]></paragraph>
		<paragraph><![CDATA[is studying the combined effects of ocean ]]></paragraph>
		<paragraph><![CDATA[acidification and hypoxia during the marine ]]></paragraph>
		<paragraph><![CDATA[snail’s early developmental stages. He and his ]]></paragraph>
		<paragraph><![CDATA[graduate student, Sara Boles, are looking for ]]></paragraph>
		<paragraph><![CDATA[genetic variations within red abalone that are ]]></paragraph>
		<paragraph><![CDATA[associated with tolerance to these environmental ]]></paragraph>
		<paragraph><![CDATA[stressors. By testing and comparing red abalone ]]></paragraph>
		<paragraph><![CDATA[that reside inside and outside the California ]]></paragraph>
		<paragraph><![CDATA[upwelling zone, they hope to see whether there ]]></paragraph>
		<paragraph><![CDATA[are resilient genetic variants that might help ]]></paragraph>
		<paragraph><![CDATA[rescue the species from future decline. ]]></paragraph>
		<paragraph><![CDATA[“Given human-altered environments, ]]></paragraph>
		<paragraph><![CDATA[understanding the evolutionary potential of ]]></paragraph>
		<paragraph><![CDATA[a species is a key question,” said Whitehead. ]]></paragraph>
		<paragraph><![CDATA[Bodega provides a baseline ]]></paragraph>
		<paragraph><![CDATA[As climate change transforms the ocean ]]></paragraph>
		<paragraph><![CDATA[in decades ahead, there will be winners and ]]></paragraph>
		<paragraph><![CDATA[losers in the marine ecosystem. BML offers a ]]></paragraph>
		<paragraph><![CDATA[rich source of historical data generated over ]]></paragraph>
		<paragraph><![CDATA[the decades by scientists and students that is ]]></paragraph>
		<paragraph><![CDATA[invaluable to understanding how humans are ]]></paragraph>
		<paragraph><![CDATA[changing the planet. ]]></paragraph>
		<paragraph><![CDATA[“We have data going back more than ]]></paragraph>
		<paragraph><![CDATA[60 years,” said Largier, a professor in the ]]></paragraph>
		<paragraph><![CDATA[Department of Environmental Science and ]]></paragraph>
		<paragraph><![CDATA[Policy. “We have our finger on the pulse of what’s ]]></paragraph>
		<paragraph><![CDATA[happening here. Bodega is an observatory, and it’s ]]></paragraph>
		<paragraph><![CDATA[right at the center of this upwelling phenomenon ]]></paragraph>
		<paragraph><![CDATA[that fuels immense ecosystem productivity and ]]></paragraph>
		<paragraph><![CDATA[characterizes coastal California.” ]]></paragraph>
		<paragraph><![CDATA[• PUBLIC DOMAIN/Courtesy ]]></paragraph>
		<paragraph><![CDATA[nourishes coastal redwoods, and seeps into ]]></paragraph>
		<paragraph><![CDATA[Napa and Sonoma vineyards to cool off grapes ]]></paragraph>
		<paragraph><![CDATA[in the evening. ]]></paragraph>
		<paragraph><![CDATA[“The character of coastal California is defined ]]></paragraph>
		<paragraph><![CDATA[by upwelling,” said Largier. “It’s why the West ]]></paragraph>
		<paragraph><![CDATA[Coast is different than the East Coast. It goes ]]></paragraph>
		<paragraph><![CDATA[with cool nights and dry summers and beautiful ]]></paragraph>
		<paragraph><![CDATA[wines. It accounts for the crops we grow and the ]]></paragraph>
		<paragraph><![CDATA[weather that is a foundation of our culture and ]]></paragraph>
		<paragraph><![CDATA[way of life.” ]]></paragraph>
		<paragraph><![CDATA[UC DAVIS COLLEGE OF AGRICULTURAL AND ENVIRONMENTAL SCIENCES ]]></paragraph>
		<paragraph><![CDATA[5 ]]></paragraph>
	</page>
	<page pageNumber="8">
		<paragraph><![CDATA[Professor Anne Todgham ]]></paragraph>
		<paragraph><![CDATA[stands outside an ice cave ]]></paragraph>
		<paragraph><![CDATA[in the Antarctic, where her ]]></paragraph>
		<paragraph><![CDATA[team studies how and if fish ]]></paragraph>
		<paragraph><![CDATA[can cope in a warmer world. ]]></paragraph>
		<paragraph><![CDATA[Todgham’s work is applicable ]]></paragraph>
		<paragraph><![CDATA[right in our own backyard. ]]></paragraph>
		<paragraph><![CDATA[To watch a slideshow about ]]></paragraph>
		<paragraph><![CDATA[this project, visit caes.ucdavis. ]]></paragraph>
		<paragraph><![CDATA[edu/news/Antarctica. ERIN FLYNN/UC Davis ]]></paragraph>
		<paragraph><![CDATA[6 OUTLOOK FALL/WINTER 2017 ]]></paragraph>
	</page>
	<page pageNumber="9">
		<paragraph><![CDATA[BY DIANE NELSON ]]></paragraph>
		<paragraph><![CDATA[THE LAST STOP ]]></paragraph>
		<paragraph><![CDATA[Polar species trapped at the tip of our warming world ]]></paragraph>
		<paragraph><![CDATA[FISH HAVE BEEN MIGRATING TO COOLER WATER ]]></paragraph>
		<paragraph><![CDATA[over the last several decades as the ocean warms. ]]></paragraph>
		<paragraph><![CDATA[But in Antarctica, the coldest place on the planet, ]]></paragraph>
		<paragraph><![CDATA[polar species have nowhere to go. ]]></paragraph>
		<paragraph><![CDATA[“They have evolved to live in super cold, ]]></paragraph>
		<paragraph><![CDATA[stable conditions and they already live in the ]]></paragraph>
		<paragraph><![CDATA[coldest, most stable ecosystem on Earth,” said ]]></paragraph>
		<paragraph><![CDATA[Anne Todgham, an associate professor in the ]]></paragraph>
		<paragraph><![CDATA[Department of Animal Science who specializes ]]></paragraph>
		<paragraph><![CDATA[in how aquatic life copes with changing ]]></paragraph>
		<paragraph><![CDATA[environments. Todgham studies stress in sea ]]></paragraph>
		<paragraph><![CDATA[creatures in a wide variety of locations, including ]]></paragraph>
		<paragraph><![CDATA[the ice-covered continent at the southern tip of ]]></paragraph>
		<paragraph><![CDATA[the globe. ]]></paragraph>
		<paragraph><![CDATA[Oceans absorb about one-third of the ]]></paragraph>
		<paragraph><![CDATA[carbon dioxide (CO 2 ) humans release into the ]]></paragraph>
		<paragraph><![CDATA[atmosphere. That may be good for the air, but ]]></paragraph>
		<paragraph><![CDATA[it is hard on the health of the sea. Climate change ]]></paragraph>
		<paragraph><![CDATA[and marine pollution are stressing virtually all ]]></paragraph>
		<paragraph><![CDATA[aquatic life, but Todgham says polar species may ]]></paragraph>
		<paragraph><![CDATA[have it the worst. ]]></paragraph>
		<paragraph><![CDATA[“Cold water holds more CO 2 , so carbon ]]></paragraph>
		<paragraph><![CDATA[dioxide levels are rising very fast in Antarctica,” ]]></paragraph>
		<paragraph><![CDATA[Todgham said. “Polar species are generally ]]></paragraph>
		<paragraph><![CDATA[long-lived—80-plus years, in some cases—so ]]></paragraph>
		<paragraph><![CDATA[they can’t evolve fast enough to keep pace with ]]></paragraph>
		<paragraph><![CDATA[warming water and rising acidity. They can’t ]]></paragraph>
		<paragraph><![CDATA[migrate to colder water. They have to adapt by ]]></paragraph>
		<paragraph><![CDATA[recruiting their existing physiology, and so far, ]]></paragraph>
		<paragraph><![CDATA[that doesn’t look very promising.” ]]></paragraph>
		<paragraph><![CDATA[Antarctica is nearly 9,000 miles from ]]></paragraph>
		<paragraph><![CDATA[California, but in terms of environmental ]]></paragraph>
		<paragraph><![CDATA[changes, it is right next door. ]]></paragraph>
		<paragraph><![CDATA[“Ocean warming and acidification is ]]></paragraph>
		<paragraph><![CDATA[happening all along our coastlines, affecting ]]></paragraph>
		<paragraph><![CDATA[many species we rely on for food, like oysters and ]]></paragraph>
		<paragraph><![CDATA[Dungeness crab,” Todgham said. “So this work ]]></paragraph>
		<paragraph><![CDATA[has application well beyond Antarctica.” ]]></paragraph>
		<paragraph><![CDATA[UNDER THE SEA ]]></paragraph>
		<paragraph><![CDATA[Studying fish in Antarctica is not for the ]]></paragraph>
		<paragraph><![CDATA[cold averse. Todgham has made three trips to ]]></paragraph>
		<paragraph><![CDATA[the frozen land, all of them during the polar ]]></paragraph>
		<paragraph><![CDATA[summer when temperatures range from freezing ]]></paragraph>
		<paragraph><![CDATA[to 35 degrees below zero. She sleeps in a heated ]]></paragraph>
		<paragraph><![CDATA[dorm at McMurdo Station, a U.S. research center ]]></paragraph>
		<paragraph><![CDATA[on Ross Island, the southernmost island off ]]></paragraph>
		<paragraph><![CDATA[Antarctica. “It’s treacherously cold and windy,” she said. ]]></paragraph>
		<paragraph><![CDATA[Todgham studies two polar fish species—the ]]></paragraph>
		<paragraph><![CDATA[naked dragon fish and the emerald rockcod—that ]]></paragraph>
		<paragraph><![CDATA[live in the dark waters beneath thick ice shelves. ]]></paragraph>
		<paragraph><![CDATA[To reach the fish, researchers drill through nine ]]></paragraph>
		<paragraph><![CDATA[feet of ice and scuba divers search for the species’ ]]></paragraph>
		<paragraph><![CDATA[eggs and juveniles in polar water where even the ]]></paragraph>
		<paragraph><![CDATA[worms and sea spiders are supersized. ]]></paragraph>
		<paragraph><![CDATA[“Cold water holds more oxygen, so aquatic ]]></paragraph>
		<paragraph><![CDATA[life can get really big down there,” Todgham ]]></paragraph>
		<paragraph><![CDATA[explained. Researchers transport the specimens in ]]></paragraph>
		<paragraph><![CDATA[temperature-controlled vehicles to the research ]]></paragraph>
		<paragraph><![CDATA[station to keep them alive. Polar species have ]]></paragraph>
		<paragraph><![CDATA[special proteins in their bodies that act like anti- ]]></paragraph>
		<paragraph><![CDATA[freeze so they can survive in the icy water. ]]></paragraph>
		<paragraph><![CDATA[“But as cold as the water is, it’s not nearly as ]]></paragraph>
		<paragraph><![CDATA[cold as the outside air,” Todgham said. ]]></paragraph>
		<paragraph><![CDATA[BUCKETS AND TUBES ]]></paragraph>
		<paragraph><![CDATA[Back at the research station, Todgham and ]]></paragraph>
		<paragraph><![CDATA[her team place the eggs and juveniles in plastic ]]></paragraph>
		<paragraph><![CDATA[buckets with water that is 2 degrees Celsius, a ]]></paragraph>
		<paragraph><![CDATA[temperature scientists predict will be the norm ]]></paragraph>
		<paragraph><![CDATA[UC DAVIS COLLEGE OF AGRICULTURAL AND ENVIRONMENTAL SCIENCES ]]></paragraph>
		<paragraph><![CDATA[7 ]]></paragraph>
	</page>
	<page pageNumber="10">
		<paragraph><![CDATA[ROB ROBBINS/Antarctic Research Station ]]></paragraph>
		<paragraph><![CDATA[Polar species, like these two seal pups, depend on fish native to Antarctica for food. ]]></paragraph>
		<paragraph><![CDATA[in 80 years. Researchers pump in various levels ]]></paragraph>
		<paragraph><![CDATA[of CO 2 via colorful tubes that snake in and out of ]]></paragraph>
		<paragraph><![CDATA[each bucket. ]]></paragraph>
		<paragraph><![CDATA[For several weeks, Todgham measures how ]]></paragraph>
		<paragraph><![CDATA[the fish cope. She looks at gene expression, the ]]></paragraph>
		<paragraph><![CDATA[cellular stress response, metabolic changes, ]]></paragraph>
		<paragraph><![CDATA[and physiological factors like activity level and ]]></paragraph>
		<paragraph><![CDATA[growth rates. ]]></paragraph>
		<paragraph><![CDATA[“We’re trying to predict how each species ]]></paragraph>
		<paragraph><![CDATA[will cope with warmer water and higher CO 2 ]]></paragraph>
		<paragraph><![CDATA[emissions,” Todgham said. ]]></paragraph>
		<paragraph><![CDATA[The short answer: not well. ]]></paragraph>
		<paragraph><![CDATA[“They have been able to acclimate to warm ]]></paragraph>
		<paragraph><![CDATA[water or higher levels of CO 2 , but not both,” ]]></paragraph>
		<paragraph><![CDATA[Todgham said. “That’s not good, since ocean ]]></paragraph>
		<paragraph><![CDATA[water everywhere is already rising in both ]]></paragraph>
		<paragraph><![CDATA[temperature and carbon dioxide.” ]]></paragraph>
		<paragraph><![CDATA[LOOK OUT BELOW ]]></paragraph>
		<paragraph><![CDATA[Polar fish have nowhere colder to go, but so ]]></paragraph>
		<paragraph><![CDATA[far, it looks like other species have not migrated ]]></paragraph>
		<paragraph><![CDATA[8 OUTLOOK FALL/WINTER 2017 ]]></paragraph>
		<paragraph><![CDATA[into their ecosystem. Antarctica is ringed by a ]]></paragraph>
		<paragraph><![CDATA[circumpolar current, which acts like a barrier, ]]></paragraph>
		<paragraph><![CDATA[so it would not be easy for aquatic creatures to ]]></paragraph>
		<paragraph><![CDATA[migrate in. ]]></paragraph>
		<paragraph><![CDATA[“Except for the crabs,” Todgham says. “It ]]></paragraph>
		<paragraph><![CDATA[looks like they can enter by marching along the ]]></paragraph>
		<paragraph><![CDATA[bottom.” The native species Todgham studies are ]]></paragraph>
		<paragraph><![CDATA[an important food source for seals, penguins, ]]></paragraph>
		<paragraph><![CDATA[and larger fish, so their demise could have a ]]></paragraph>
		<paragraph><![CDATA[cascading effect throughout the food chain. And ]]></paragraph>
		<paragraph><![CDATA[the polar species may be a bellwether for what is ]]></paragraph>
		<paragraph><![CDATA[developing in our own backyard. ]]></paragraph>
		<paragraph><![CDATA[Still, Todgham is optimistic. ]]></paragraph>
		<paragraph><![CDATA[“We’re identifying populations that are ]]></paragraph>
		<paragraph><![CDATA[particularly vulnerable so we can help protect ]]></paragraph>
		<paragraph><![CDATA[them from direct threats like overfishing,” ]]></paragraph>
		<paragraph><![CDATA[Todgham said. “And I am encouraged by all the ]]></paragraph>
		<paragraph><![CDATA[students who are pursuing the study of natural ]]></paragraph>
		<paragraph><![CDATA[species. They give me hope.” ]]></paragraph>
		<paragraph><![CDATA[• ]]></paragraph>
	</page>
	<page pageNumber="11">
		<paragraph><![CDATA[BY ROBIN DERIEUX ]]></paragraph>
		<paragraph><![CDATA[Saving a Species ]]></paragraph>
		<paragraph><![CDATA[Bringing white abalone back from the brink ]]></paragraph>
		<paragraph><![CDATA[CAPTIVE BREEDING MAY BE THE ONLY HOPE to ]]></paragraph>
		<paragraph><![CDATA[save white ]]></paragraph>
		<paragraph><![CDATA[abalone, an endangered species of marine snail. At the ]]></paragraph>
		<paragraph><![CDATA[UC Davis Bodega Marine Laboratory (BML), research ]]></paragraph>
		<paragraph><![CDATA[scientist Kristin Aquilino and Professor Gary Cherr are ]]></paragraph>
		<paragraph><![CDATA[leading efforts to rescue an iconic California species familiar ]]></paragraph>
		<paragraph><![CDATA[to divers, diners, and shell collectors. ]]></paragraph>
		<paragraph><![CDATA[Abalone are grazers that feed on kelp and help maintain ]]></paragraph>
		<paragraph><![CDATA[balance in a healthy offshore ecosystem. All seven species ]]></paragraph>
		<paragraph><![CDATA[of abalone native to the West Coast have suffered dramatic ]]></paragraph>
		<paragraph><![CDATA[reductions in population due to overfishing and disease. ]]></paragraph>
		<paragraph><![CDATA[White abalone, considered the tastiest of the bunch, was ]]></paragraph>
		<paragraph><![CDATA[the first marine invertebrate to be classified endangered. Black ]]></paragraph>
		<paragraph><![CDATA[abalone soon followed, and commercial fishing for all native ]]></paragraph>
		<paragraph><![CDATA[species of abalone on the West Coast ended in the 1990s. Only ]]></paragraph>
		<paragraph><![CDATA[the red abalone population remains robust enough to support ]]></paragraph>
		<paragraph><![CDATA[limited sport diving and a farmed abalone industry. ]]></paragraph>
		<paragraph><![CDATA[“Basically, this is a problem caused by humans,” said Cherr, ]]></paragraph>
		<paragraph><![CDATA[BML director. “From a societal point of ]]></paragraph>
		<paragraph><![CDATA[view, we have a responsibility to ]]></paragraph>
		<paragraph><![CDATA[help restore abalone.” ]]></paragraph>
		<paragraph><![CDATA[Scientists at Bodega ]]></paragraph>
		<paragraph><![CDATA[are making discoveries ]]></paragraph>
		<paragraph><![CDATA[about white abalone ]]></paragraph>
		<paragraph><![CDATA[that can be applied to ]]></paragraph>
		<paragraph><![CDATA[all native abalone. ]]></paragraph>
		<paragraph><![CDATA[“The problem is that ]]></paragraph>
		<paragraph><![CDATA[abalone have to be ]]></paragraph>
		<paragraph><![CDATA[closely grouped ]]></paragraph>
		<paragraph><![CDATA[to reproduce suc- ]]></paragraph>
		<paragraph><![CDATA[cessfully because ]]></paragraph>
		<paragraph><![CDATA[they are broadcast ]]></paragraph>
		<paragraph><![CDATA[spawners—they release their eggs and sperm into the water, ]]></paragraph>
		<paragraph><![CDATA[where fertilization occurs,” said Aquilino. “If they’re located too ]]></paragraph>
		<paragraph><![CDATA[far apart, they’re effectively sterile. Right now we have a lot of ]]></paragraph>
		<paragraph><![CDATA[lonesome Georges in the wild.” ]]></paragraph>
		<paragraph><![CDATA[The white abalone research team uses limited brood ]]></paragraph>
		<paragraph><![CDATA[stock to produce offspring and raise the babies in captivity. ]]></paragraph>
		<paragraph><![CDATA[Learning the right conditions for white abalone reproduction ]]></paragraph>
		<paragraph><![CDATA[has proven challenging, but breeding has improved ]]></paragraph>
		<paragraph><![CDATA[dramatically since the first year when production yielded ]]></paragraph>
		<paragraph><![CDATA[only a dozen offspring that made it to reproductive maturity. ]]></paragraph>
		<paragraph><![CDATA[For each of the last two years, the team has created about ]]></paragraph>
		<paragraph><![CDATA[10,000 juveniles. ]]></paragraph>
		<paragraph><![CDATA[Since researchers at BML joined the White Abalone ]]></paragraph>
		<paragraph><![CDATA[Recovery Program in 2011, there are more white abalone ]]></paragraph>
		<paragraph><![CDATA[in captivity than offshore. The program is funded by the ]]></paragraph>
		<paragraph><![CDATA[National Oceanic and Atmospheric Administration and ]]></paragraph>
		<paragraph><![CDATA[includes collaborators from federal and state agencies, ]]></paragraph>
		<paragraph><![CDATA[aquariums, the California aquaculture industry, and ]]></paragraph>
		<paragraph><![CDATA[UC Santa Barbara. ]]></paragraph>
		<paragraph><![CDATA[Once the juveniles have grown large enough, the next ]]></paragraph>
		<paragraph><![CDATA[goal is to place them offshore in sufficient densities ]]></paragraph>
		<paragraph><![CDATA[to re-establish successful spawning. Researchers ]]></paragraph>
		<paragraph><![CDATA[are optimistic about prospects for success because ]]></paragraph>
		<paragraph><![CDATA[abalone habitat remains mostly intact. “In terms of ]]></paragraph>
		<paragraph><![CDATA[saving the species, I think it’s purely a numbers ]]></paragraph>
		<paragraph><![CDATA[game,” said Aquilino. “We’re going to expect ]]></paragraph>
		<paragraph><![CDATA[high mortality when we place the captive-bred ]]></paragraph>
		<paragraph><![CDATA[abalone in the wild. We just have to put a lot ]]></paragraph>
		<paragraph><![CDATA[out there.” ]]></paragraph>
		<paragraph><![CDATA[• Research scientist ]]></paragraph>
		<paragraph><![CDATA[Kristin Aquilino holds ]]></paragraph>
		<paragraph><![CDATA[a white abalone ]]></paragraph>
		<paragraph><![CDATA[used as part of the ]]></paragraph>
		<paragraph><![CDATA[captive breeding ]]></paragraph>
		<paragraph><![CDATA[program. ]]></paragraph>
		<paragraph><![CDATA[UC DAVIS COLLEGE OF AGRICULTURAL AND ENVIRONMENTAL SCIENCES ]]></paragraph>
		<paragraph><![CDATA[9 ]]></paragraph>
	</page>
	<page pageNumber="12">
		<paragraph><![CDATA[A CLOSER LOOK ]]></paragraph>
		<paragraph><![CDATA[10 OUTLOOK SPRING/SUMMER 2017 ]]></paragraph>
	</page>
	<page pageNumber="13">
		<paragraph><![CDATA[Protected waters off Bodega support ]]></paragraph>
		<paragraph><![CDATA[rich biodiversity, including these juvenile ]]></paragraph>
		<paragraph><![CDATA[rockfish, Strawberry Anemones and ]]></paragraph>
		<paragraph><![CDATA[Orange Hydroids. View additional photos ]]></paragraph>
		<paragraph><![CDATA[at caes.ucdavis.edu/news/Bodega. ]]></paragraph>
		<paragraph><![CDATA[GREG MCFALL/National Oceanic and Atmospheric Administration ]]></paragraph>
		<paragraph><![CDATA[UC DAVIS COLLEGE OF AGRICULTURAL AND ENVIRONMENTAL SCIENCES ]]></paragraph>
		<paragraph><![CDATA[11 ]]></paragraph>
	</page>
	<page pageNumber="14">
		<paragraph><![CDATA[DAVE FELIZ/California Department of Fish and Wildlife ]]></paragraph>
		<paragraph><![CDATA[by John Stumbos ]]></paragraph>
		<paragraph><![CDATA[is underway ]]></paragraph>
		<paragraph><![CDATA[at various locations along California’s 1,100-mile ]]></paragraph>
		<paragraph><![CDATA[coast, and UC Davis researchers are helping ]]></paragraph>
		<paragraph><![CDATA[develop the tools to manage these areas for ]]></paragraph>
		<paragraph><![CDATA[future generations. ]]></paragraph>
		<paragraph><![CDATA[After eight years of planning, analysis, ]]></paragraph>
		<paragraph><![CDATA[workshops, and stakeholder input from ]]></paragraph>
		<paragraph><![CDATA[fishermen, environmentalists, and others, ]]></paragraph>
		<paragraph><![CDATA[the state of California established an extensive ]]></paragraph>
		<paragraph><![CDATA[network of Marine Protected ]]></paragraph>
		<paragraph><![CDATA[Areas (MPAs) in 2012 to protect ]]></paragraph>
		<paragraph><![CDATA[and conserve marine life and ]]></paragraph>
		<paragraph><![CDATA[We’re using ]]></paragraph>
		<paragraph><![CDATA[habitat. Fishing is restricted in some ]]></paragraph>
		<paragraph><![CDATA[mathematical models of these areas—and prohibited in ]]></paragraph>
		<paragraph><![CDATA[marine reserves. ]]></paragraph>
		<paragraph><![CDATA[to determine when ]]></paragraph>
		<paragraph><![CDATA[A recent modeling study by ]]></paragraph>
		<paragraph><![CDATA[environmental science and policy ]]></paragraph>
		<paragraph><![CDATA[and how much we ]]></paragraph>
		<paragraph><![CDATA[professor Alan Hastings and UC ]]></paragraph>
		<paragraph><![CDATA[expect fish that we ]]></paragraph>
		<paragraph><![CDATA[Santa Barbara colleagues showed ]]></paragraph>
		<paragraph><![CDATA[that marine reserves help sustain ]]></paragraph>
		<paragraph><![CDATA[harvest to respond ]]></paragraph>
		<paragraph><![CDATA[healthy stocks of commercially ]]></paragraph>
		<paragraph><![CDATA[important fish species and also ]]></paragraph>
		<paragraph><![CDATA[to California’s no- ]]></paragraph>
		<paragraph><![CDATA[alleviate pressure on untargeted ]]></paragraph>
		<paragraph><![CDATA[fishing zones. ]]></paragraph>
		<paragraph><![CDATA[species or “bycatch.” ]]></paragraph>
		<paragraph><![CDATA[“With marine reserves, our ]]></paragraph>
		<paragraph><![CDATA[models show it’s a win-win ]]></paragraph>
		<paragraph><![CDATA[situation,” Hastings said. “You can have ]]></paragraph>
		<paragraph><![CDATA[the harvest you would like from your target ]]></paragraph>
		<paragraph><![CDATA[species while at the same time benefiting the ]]></paragraph>
		<paragraph><![CDATA[weak stocks.” ]]></paragraph>
		<paragraph><![CDATA[AN EFFORT TO CONSERVE MARINE LIFE ]]></paragraph>
		<paragraph><![CDATA[“ ” ]]></paragraph>
		<paragraph><![CDATA[12 OUTLOOK FALL/WINTER 2017 ]]></paragraph>
		<paragraph><![CDATA[Hastings is part of a team of scientists at ]]></paragraph>
		<paragraph><![CDATA[UC Davis and elsewhere who are studying how ]]></paragraph>
		<paragraph><![CDATA[to most effectively manage marine reserves. ]]></paragraph>
		<paragraph><![CDATA[“We’re using mathematical models to ]]></paragraph>
		<paragraph><![CDATA[determine when and how much we expect ]]></paragraph>
		<paragraph><![CDATA[fish that we harvest to respond to California’s ]]></paragraph>
		<paragraph><![CDATA[no-fishing zones,” said Marissa Baskett, an ]]></paragraph>
		<paragraph><![CDATA[environmental science and policy professor ]]></paragraph>
		<paragraph><![CDATA[who specializes in marine reserves. “In other ]]></paragraph>
		<paragraph><![CDATA[locations around the world, marine reserves ]]></paragraph>
		<paragraph><![CDATA[harbor larger fish and larger population sizes, ]]></paragraph>
		<paragraph><![CDATA[as well as greater total biomass and diversity.” ]]></paragraph>
		<paragraph><![CDATA[Baskett and colleagues are comparing model ]]></paragraph>
		<paragraph><![CDATA[predictions with actual field data to identify ]]></paragraph>
		<paragraph><![CDATA[shortfalls so the state can make informed ]]></paragraph>
		<paragraph><![CDATA[management adjustments. These models have ]]></paragraph>
		<paragraph><![CDATA[been developed with Hastings; wildlife, fish and ]]></paragraph>
		<paragraph><![CDATA[conservation biology professor Louis Botsford; and ]]></paragraph>
		<paragraph><![CDATA[former UC Davis postdoctoral student Will White, ]]></paragraph>
		<paragraph><![CDATA[now a professor at Oregon State University. ]]></paragraph>
		<paragraph><![CDATA[“Our work will help improve management ]]></paragraph>
		<paragraph><![CDATA[of marine protected areas to support both the ]]></paragraph>
		<paragraph><![CDATA[nutrition and recreation that Californians derive ]]></paragraph>
		<paragraph><![CDATA[from the sea,” Baskett said. “In addition, we ]]></paragraph>
		<paragraph><![CDATA[can serve as a leading example of model-based ]]></paragraph>
		<paragraph><![CDATA[adaptive management that could be applied to ]]></paragraph>
		<paragraph><![CDATA[MPAs throughout the world.” ]]></paragraph>
		<paragraph><![CDATA[Bringing new science to an old idea ]]></paragraph>
		<paragraph><![CDATA[The idea of protecting parts of the ocean ]]></paragraph>
		<paragraph><![CDATA[marine protected areas ]]></paragraph>
		<paragraph><![CDATA[The reserve at Elkhorn ]]></paragraph>
		<paragraph><![CDATA[Slough, one of the few ]]></paragraph>
		<paragraph><![CDATA[coastal wetlands remaining ]]></paragraph>
		<paragraph><![CDATA[in the state, shelters an ]]></paragraph>
		<paragraph><![CDATA[abundance of marine life. ]]></paragraph>
		<paragraph><![CDATA[California ]]></paragraph>
	</page>
	<page pageNumber="15">
		<paragraph><![CDATA[KEVIN JOE/California Department of Fish and Wildlife ]]></paragraph>
		<paragraph><![CDATA[A diver studies abalone populations within a marine protected area. ]]></paragraph>
		<paragraph><![CDATA[dispersal of fish larvae. They also calculated the pros and cons ]]></paragraph>
		<paragraph><![CDATA[of proposed MPAs during the state’s decision-making process. ]]></paragraph>
		<paragraph><![CDATA[Remotely Operated Vehicle/Marine Applied Research and Exploration ]]></paragraph>
		<paragraph><![CDATA[for conservation is not new. They have been used in some ]]></paragraph>
		<paragraph><![CDATA[form by different cultures back into pre-history. ]]></paragraph>
		<paragraph><![CDATA[MPAs are known by many different names and are used ]]></paragraph>
		<paragraph><![CDATA[worldwide. Botsford describes them as effective yet not ]]></paragraph>
		<paragraph><![CDATA[completely understood. They also may have other benefits ]]></paragraph>
		<paragraph><![CDATA[in a changing climate. “With more reproduction inside ]]></paragraph>
		<paragraph><![CDATA[a marine protected area, fish populations are going to be ]]></paragraph>
		<paragraph><![CDATA[more resilient,” he said. ]]></paragraph>
		<paragraph><![CDATA[Botsford and Hastings first began work on MPAs in ]]></paragraph>
		<paragraph><![CDATA[the mid-1990s when marine resource scientists became ]]></paragraph>
		<paragraph><![CDATA[concerned about declines in fish populations and fishery ]]></paragraph>
		<paragraph><![CDATA[yield. “In conventional fisheries management, you estimate ]]></paragraph>
		<paragraph><![CDATA[how many fish you currently have and then limit the ]]></paragraph>
		<paragraph><![CDATA[amount fishers can catch,” Botsford explained. “Marine ]]></paragraph>
		<paragraph><![CDATA[protected areas are a simpler approach. Instead of trying to ]]></paragraph>
		<paragraph><![CDATA[limit the amount of fishing, you limit the amount of area in ]]></paragraph>
		<paragraph><![CDATA[which fish can be taken.” ]]></paragraph>
		<paragraph><![CDATA[In order for a fish population to persist, the lifetime ]]></paragraph>
		<paragraph><![CDATA[reproduction has to be enough for each fish to replace itself. ]]></paragraph>
		<paragraph><![CDATA[Over the years, the team’s modeling efforts have looked at ]]></paragraph>
		<paragraph><![CDATA[a variety of factors that influence persistence, such as the ]]></paragraph>
		<paragraph><![CDATA[effects of juvenile and adult swimming movement and the ]]></paragraph>
		<paragraph><![CDATA[Vermilion rockfish are protected in a Soquel Canyon reserve off ]]></paragraph>
		<paragraph><![CDATA[Monterey Bay. ]]></paragraph>
		<paragraph><![CDATA[Three postdocs join the team ]]></paragraph>
		<paragraph><![CDATA[Three new postdoctoral fellows have joined the effort in a ]]></paragraph>
		<paragraph><![CDATA[collaboration facilitated by the UC Davis Coastal and Marine ]]></paragraph>
		<paragraph><![CDATA[Sciences Institute, the California Ocean Protection Council, ]]></paragraph>
		<paragraph><![CDATA[and the California Department of Fish and Wildlife, which ]]></paragraph>
		<paragraph><![CDATA[approached the university with the idea to hire additional ]]></paragraph>
		<paragraph><![CDATA[personnel to help create flexible management protocols for the ]]></paragraph>
		<paragraph><![CDATA[MPAs. The team has expanded to include Katie Kaplan, the ]]></paragraph>
		<paragraph><![CDATA[statewide monitoring fellow focusing on sampling plans ]]></paragraph>
		<paragraph><![CDATA[and predictive models to compare monitoring data to model ]]></paragraph>
		<paragraph><![CDATA[projections; Nick Perkins, the data integration fellow analyzing ]]></paragraph>
		<paragraph><![CDATA[undersea video surveys of MPAs; and Lauren Yamane, the ]]></paragraph>
		<paragraph><![CDATA[fishery/MPA integration fellow focusing on the integration of ]]></paragraph>
		<paragraph><![CDATA[MPAs into existing fisheries management policies. ]]></paragraph>
		<paragraph><![CDATA[“Once you design these things and make resource ]]></paragraph>
		<paragraph><![CDATA[management decisions, you shouldn’t just say I’m done ]]></paragraph>
		<paragraph><![CDATA[with that,” Botsford said. “You should monitor what the ]]></paragraph>
		<paragraph><![CDATA[outcomes are and compare those to your predictions. It’s ]]></paragraph>
		<paragraph><![CDATA[a key part of this.” ]]></paragraph>
		<paragraph><![CDATA[The goal is to create an action plan that will help California ]]></paragraph>
		<paragraph><![CDATA[manage its network of marine protected areas. The 18-month ]]></paragraph>
		<paragraph><![CDATA[project is scheduled for completion in 2018. ]]></paragraph>
		<paragraph><![CDATA[• UC DAVIS COLLEGE OF AGRICULTURAL AND ENVIRONMENTAL SCIENCES ]]></paragraph>
		<paragraph><![CDATA[13 ]]></paragraph>
	</page>
	<page pageNumber="16">
		<paragraph><![CDATA[14 ]]></paragraph>
		<paragraph><![CDATA[f t ]]></paragraph>
		<paragraph><![CDATA[a e ]]></paragraph>
		<paragraph><![CDATA[Can we ]]></paragraph>
		<paragraph><![CDATA[and ]]></paragraph>
		<paragraph><![CDATA[r p ]]></paragraph>
		<paragraph><![CDATA[BY DIANE NELSON ]]></paragraph>
		<paragraph><![CDATA[Scientists help clarify labels and shore up supply ]]></paragraph>
		<paragraph><![CDATA[SEAFOOD IS LOW IN FAT, HIGH IN PROTEIN , ]]></paragraph>
		<paragraph><![CDATA[and a great source of Omega 3 fatty acids, ]]></paragraph>
		<paragraph><![CDATA[which doctors say can boost brain development and help prevent ailments like ]]></paragraph>
		<paragraph><![CDATA[depression, arthritis, and heart disease. ]]></paragraph>
		<paragraph><![CDATA[Health benefits are one reason people are eating more fish. The United Nations ]]></paragraph>
		<paragraph><![CDATA[reports that global per capita fish consumption has hit a record high and continues ]]></paragraph>
		<paragraph><![CDATA[to climb. ]]></paragraph>
		<paragraph><![CDATA[Can fisheries sustainably keep up with rising demand? What is “sustainable ]]></paragraph>
		<paragraph><![CDATA[seafood” anyway? ]]></paragraph>
		<paragraph><![CDATA[“Today, the term encompasses biology of the seafood stock, economics, the ]]></paragraph>
		<paragraph><![CDATA[social and cultural aspects of fishing, labor practices, and food security,” said ]]></paragraph>
		<paragraph><![CDATA[Jim Sanchirico, professor of environmental science and policy. “It needs to be ]]></paragraph>
		<paragraph><![CDATA[economically viable for harvesters to make a reasonable living. Sustainability has ]]></paragraph>
		<paragraph><![CDATA[a lot to do with how fish are managed in other parts of the world.” ]]></paragraph>
		<paragraph><![CDATA[The seafood supply chain is long and complex, especially for consumers in ]]></paragraph>
		<paragraph><![CDATA[California where close to 80 percent is imported. It is easy to “shop local” when ]]></paragraph>
		<paragraph><![CDATA[buying produce in the Central Valley, but that is not the case with seafood. Labels ]]></paragraph>
		<paragraph><![CDATA[that certify “sustainable” can guide consumers, but labels can be confusing, too. ]]></paragraph>
		<paragraph><![CDATA[“Is it better to buy fish without a label from a supplier you know is well managed ]]></paragraph>
		<paragraph><![CDATA[or fish with a label from somewhere less transparent?” Sanchirico asks. “If I pay ]]></paragraph>
		<paragraph><![CDATA[more for sustainable seafood, will any of that premium make its way back to the ]]></paragraph>
		<paragraph><![CDATA[fisherman who caught it?” ]]></paragraph>
		<paragraph><![CDATA[The questions are not rhetorical. Sanchirico and colleagues are working to ]]></paragraph>
		<paragraph><![CDATA[improve and demystify sustainable seafood certification so consumers will know ]]></paragraph>
		<paragraph><![CDATA[when they invest in “sustainable” seafood they are getting the real deal. ]]></paragraph>
		<paragraph><![CDATA[What does it mean to fish sustainably? ]]></paragraph>
		<paragraph><![CDATA[At sustainable fisheries, seafood is well-managed with healthy levels of stock. ]]></paragraph>
		<paragraph><![CDATA[Sustainable fishing minimizes “bycatch,” or inadvertently snagging other sea ]]></paragraph>
		<paragraph><![CDATA[creatures like turtles, seabirds, and sharks. It avoids destructive fishing methods ]]></paragraph>
		<paragraph><![CDATA[like blasting fish with dynamite, a practice sometimes seen in developing countries. ]]></paragraph>
		<paragraph><![CDATA[The Marine Stewardship Council (MSC) is perhaps the world’s best-known ]]></paragraph>
		<paragraph><![CDATA[OUTLOOK SPRING/SUMMER 2017 ]]></paragraph>
	</page>
	<page pageNumber="17">
		<paragraph><![CDATA[s ]]></paragraph>
		<paragraph><![CDATA[? o ]]></paragraph>
		<paragraph><![CDATA[o t ]]></paragraph>
		<paragraph><![CDATA[, t ]]></paragraph>
		<paragraph><![CDATA[i t ]]></paragraph>
		<paragraph><![CDATA[c e ]]></paragraph>
		<paragraph><![CDATA[t o ]]></paragraph>
		<paragraph><![CDATA[accreditor of sustainable seafood. The nonprofit requires ]]></paragraph>
		<paragraph><![CDATA[fisheries meet detailed, traceable standards before certifying ]]></paragraph>
		<paragraph><![CDATA[sustainability. Ten years ago, big retailers like Walmart announced they ]]></paragraph>
		<paragraph><![CDATA[would soon start selling only MSC-certified seafood, which ]]></paragraph>
		<paragraph><![CDATA[seemed like good news for the sustainability movement. ]]></paragraph>
		<paragraph><![CDATA[Except, the demand for MSC-certified seafood increased ]]></paragraph>
		<paragraph><![CDATA[sevenfold after the announcement, and there still is not ]]></paragraph>
		<paragraph><![CDATA[enough supply to meet the demand. Suppliers are scrambling ]]></paragraph>
		<paragraph><![CDATA[for certification and standards can suffer. ]]></paragraph>
		<paragraph><![CDATA[To bridge the gap, some suppliers participate in “Fisheries ]]></paragraph>
		<paragraph><![CDATA[Improvement Projects” (FIP) that give fisheries access to the ]]></paragraph>
		<paragraph><![CDATA[sustainable seafood market if they develop a plan to improve ]]></paragraph>
		<paragraph><![CDATA[ocean management. ]]></paragraph>
		<paragraph><![CDATA[But as Sanchirico points out in an article in the journal ]]></paragraph>
		<paragraph><![CDATA[Science, two out of three FIP-participating fisheries in ]]></paragraph>
		<paragraph><![CDATA[developing countries—which provide half of all the seafood ]]></paragraph>
		<paragraph><![CDATA[in the international market—have not made concrete steps ]]></paragraph>
		<paragraph><![CDATA[toward implementing their plans. Many have been treading ]]></paragraph>
		<paragraph><![CDATA[water in the planning stage for several years while still selling ]]></paragraph>
		<paragraph><![CDATA[so-called sustainable seafood. ]]></paragraph>
		<paragraph><![CDATA[Securing seafood from developing countries ]]></paragraph>
		<paragraph><![CDATA[Sanchirico does not want to give up on Fisheries ]]></paragraph>
		<paragraph><![CDATA[Improvement Projects. ]]></paragraph>
		<paragraph><![CDATA[“They are a positive step in meeting the demand for ]]></paragraph>
		<paragraph><![CDATA[sustainable seafood,” he said. “But we need better oversight ]]></paragraph>
		<paragraph><![CDATA[to make sure fisheries are working through the process.” ]]></paragraph>
		<paragraph><![CDATA[Sanchirico and his team travel to Southeast Asian countries ]]></paragraph>
		<paragraph><![CDATA[like Indonesia and the Philippines to study the dynamics of ]]></paragraph>
		<paragraph><![CDATA[fishing in developing countries. They talk with townspeople ]]></paragraph>
		<paragraph><![CDATA[and government officials to predict how different fishing ]]></paragraph>
		<paragraph><![CDATA[policies would affect local economies, and the rich and poor ]]></paragraph>
		<paragraph><![CDATA[within those communities. ]]></paragraph>
		<paragraph><![CDATA[“Fisheries Improvement Projects need to be fine-tuned, ]]></paragraph>
		<paragraph><![CDATA[but we can’t do that without understanding the social and ]]></paragraph>
		<paragraph><![CDATA[ecological systems in which they operate,” ]]></paragraph>
		<paragraph><![CDATA[Sanchirico said. ]]></paragraph>
		<paragraph><![CDATA[On the horizon ]]></paragraph>
		<paragraph><![CDATA[Sanchirico sees a day when shoppers ]]></paragraph>
		<paragraph><![CDATA[can walk into any grocery store and know ]]></paragraph>
		<paragraph><![CDATA[that everything at the fish counter is 100 ]]></paragraph>
		<paragraph><![CDATA[percent verified sustainable. ]]></paragraph>
		<paragraph><![CDATA[“It would take away a lot of the ]]></paragraph>
		<paragraph><![CDATA[guesswork,” he said. ]]></paragraph>
		<paragraph><![CDATA[Signs are encouraging. ]]></paragraph>
		<paragraph><![CDATA[Conservation groups ]]></paragraph>
		<paragraph><![CDATA[are working with ]]></paragraph>
		<paragraph><![CDATA[researchers to ]]></paragraph>
		<paragraph><![CDATA[improve the science ]]></paragraph>
		<paragraph><![CDATA[that underlies ]]></paragraph>
		<paragraph><![CDATA[certification, and ]]></paragraph>
		<paragraph><![CDATA[UC Davis scientists ]]></paragraph>
		<paragraph><![CDATA[are helping explore ]]></paragraph>
		<paragraph><![CDATA[aquaculture, the ]]></paragraph>
		<paragraph><![CDATA[practice of farming fish. There ]]></paragraph>
		<paragraph><![CDATA[is a lot to consider, such as the proper holding ]]></paragraph>
		<paragraph><![CDATA[pens and technology, and which species might be best ]]></paragraph>
		<paragraph><![CDATA[suited for cultivation. ]]></paragraph>
		<paragraph><![CDATA[“There are concerns and complexities with farm raised ]]></paragraph>
		<paragraph><![CDATA[versus wild caught,” Sanchirico said. “But responsible ]]></paragraph>
		<paragraph><![CDATA[aquaculture can play a role in meeting the demand for ]]></paragraph>
		<paragraph><![CDATA[sustainable seafood.” ]]></paragraph>
		<paragraph><![CDATA[In the meantime, what is a sustainable-seafood shopper to do? ]]></paragraph>
		<paragraph><![CDATA[Monterey Bay Aquarium manages seafoodwatch.org, a site that ]]></paragraph>
		<paragraph><![CDATA[offers up-to-date, regional advice on what seafood is currently a ]]></paragraph>
		<paragraph><![CDATA[best choice, a good alternative, or should be avoided for now. ]]></paragraph>
		<paragraph><![CDATA[• UC DAVIS COLLEGE OF AGRICULTURAL AND ENVIRONMENTAL SCIENCES ]]></paragraph>
		<paragraph><![CDATA[15 ]]></paragraph>
	</page>
	<page pageNumber="18">
		<paragraph><![CDATA[MAKING A DIFFERENCE ]]></paragraph>
		<paragraph><![CDATA[Endowment empowers research ]]></paragraph>
		<paragraph><![CDATA[of environmental contaminants ]]></paragraph>
		<paragraph><![CDATA[“The spill quickly overwhelmed the ability to ]]></paragraph>
		<paragraph><![CDATA[contain it,” he said. “The only choice was to let ]]></paragraph>
		<paragraph><![CDATA[it go unabated or to disperse it.” The team made ]]></paragraph>
		<paragraph><![CDATA[a difficult decision to inject dispersants directly ]]></paragraph>
		<paragraph><![CDATA[into the wellhead, which helped limit damage to ]]></paragraph>
		<paragraph><![CDATA[marine life. ]]></paragraph>
		<paragraph><![CDATA[LONG BEFORE THE 2010 DEEPWATER HORIZON ]]></paragraph>
		<paragraph><![CDATA[oil spill wreaked havoc in the Gulf of Mexico, ]]></paragraph>
		<paragraph><![CDATA[toxicologist Ron Tjeerdema developed analytical ]]></paragraph>
		<paragraph><![CDATA[tools to understand petrochemical catastrophes ]]></paragraph>
		<paragraph><![CDATA[in the aquatic environment. ]]></paragraph>
		<paragraph><![CDATA[Tjeerdema studied aquatic toxicology with ]]></paragraph>
		<paragraph><![CDATA[UC Davis Professor Donald Crosby in the 1980s ]]></paragraph>
		<paragraph><![CDATA[and, after obtaining his Ph.D., was hired by ]]></paragraph>
		<paragraph><![CDATA[UC Santa Cruz to create an oil spill research ]]></paragraph>
		<paragraph><![CDATA[program at Granite Canyon south of Carmel. ]]></paragraph>
		<paragraph><![CDATA[“We put together oil spill methods back in the ]]></paragraph>
		<paragraph><![CDATA[early 1990s that were a generation ahead of ]]></paragraph>
		<paragraph><![CDATA[what was used at the time,” Tjeerdema said. ]]></paragraph>
		<paragraph><![CDATA[When millions of gallons of Louisiana ]]></paragraph>
		<paragraph><![CDATA[crude escaped from Deepwater Horizon, a ]]></paragraph>
		<paragraph><![CDATA[quickly assembled team of 50 scientists from ]]></paragraph>
		<paragraph><![CDATA[industry, government, and academia, including ]]></paragraph>
		<paragraph><![CDATA[Tjeerdema, wrestled with how to minimize the ]]></paragraph>
		<paragraph><![CDATA[ecological damage. ]]></paragraph>
		<paragraph><![CDATA[16 OUTLOOK FALL/WINTER 2017 ]]></paragraph>
		<paragraph><![CDATA[“The nice thing about the endowment ]]></paragraph>
		<paragraph><![CDATA[is we can focus on research that I might ]]></paragraph>
		<paragraph><![CDATA[otherwise not have funding for.” ]]></paragraph>
		<paragraph><![CDATA[After Crosby retired in the ’90s, Tjeerdema ]]></paragraph>
		<paragraph><![CDATA[returned to UC Davis as a professor in the ]]></paragraph>
		<paragraph><![CDATA[Department of Environmental Toxicology. Today, ]]></paragraph>
		<paragraph><![CDATA[he serves as associate dean for environmental ]]></paragraph>
		<paragraph><![CDATA[programs, was recently appointed to a National ]]></paragraph>
		<paragraph><![CDATA[Academy of Sciences committee that will ]]></paragraph>
		<paragraph><![CDATA[update oil spill response guidelines, and ]]></paragraph>
		<paragraph><![CDATA[holds the Donald G. Crosby Endowed Chair ]]></paragraph>
		<paragraph><![CDATA[in Environmental Chemistry. The chair was ]]></paragraph>
		<paragraph><![CDATA[established in 2010 by a donation from the estate ]]></paragraph>
		<paragraph><![CDATA[of the late Charley Soderquist—another Crosby ]]></paragraph>
		<paragraph><![CDATA[protégé who earned his Ph.D. in the 1970s. ]]></paragraph>
		<paragraph><![CDATA[The endowment enabled Tjeerdema to ]]></paragraph>
		<paragraph><![CDATA[purchase a state-of-the-art mass spectrometer ]]></paragraph>
		<paragraph><![CDATA[that helps students and faculty analyze pesticides ]]></paragraph>
		<paragraph><![CDATA[and their degradation byproducts, as well as ]]></paragraph>
		<paragraph><![CDATA[biochemical changes in organisms exposed to ]]></paragraph>
		<paragraph><![CDATA[contaminants. Additionally, the endowment ]]></paragraph>
		<paragraph><![CDATA[provides graduate student support. ]]></paragraph>
		<paragraph><![CDATA[“The nice thing about the endowment is we ]]></paragraph>
		<paragraph><![CDATA[can focus on research that I might otherwise not ]]></paragraph>
		<paragraph><![CDATA[have funding for,” he said. “We can move into ]]></paragraph>
		<paragraph><![CDATA[new areas with students.” ]]></paragraph>
		<paragraph><![CDATA[One such area is environmental metabolomics ]]></paragraph>
		<paragraph><![CDATA[to better understand the effects of crude and ]]></paragraph>
		<paragraph><![CDATA[dispersed oil in fishes. The endowment gives ]]></paragraph>
		<paragraph><![CDATA[Tjeerdema and his students more flexibility ]]></paragraph>
		<paragraph><![CDATA[to study the fate of other environmental ]]></paragraph>
		<paragraph><![CDATA[contaminants such as pesticides and antibiotics. ]]></paragraph>
		<paragraph><![CDATA[—John Stumbos ]]></paragraph>
		<paragraph><![CDATA[JESSICA FALOR-WARD/UC Davis ]]></paragraph>
		<paragraph><![CDATA[Professor Ron Tjeerdema (second from left) holds the Donald G. Crosby Endowed Chair ]]></paragraph>
		<paragraph><![CDATA[in Environmental Chemistry, which was established by the family of Charley Soderquist ]]></paragraph>
		<paragraph><![CDATA[after his death. Both Soderquist and Tjeerdema did graduate studies with Professor ]]></paragraph>
		<paragraph><![CDATA[Don Crosby, second from right. Also pictured, from left, are Professor Cort Anastasio, ]]></paragraph>
		<paragraph><![CDATA[Tjeerdema, Richie Kaur, Julie McBride, Chris Soderquist, Prasant Mohapatra, Devin ]]></paragraph>
		<paragraph><![CDATA[Rippner, Crosby, and Katryn Williams. ]]></paragraph>
	</page>
	<page pageNumber="19">
		<paragraph><![CDATA[FACULTY REPORT ]]></paragraph>
		<paragraph><![CDATA[IN 1986, ENVIRONMENTAL TOXICOLOGY PROFESSOR ]]></paragraph>
		<paragraph><![CDATA[KARIN HIGGINS/UC Davis ]]></paragraph>
		<paragraph><![CDATA[Gary Cherr oversees the ]]></paragraph>
		<paragraph><![CDATA[Bodega Marine Laboratory ]]></paragraph>
		<paragraph><![CDATA[Gary Cherr started a new program at the Bodega ]]></paragraph>
		<paragraph><![CDATA[Marine Laboratory to assess the sensitivity of ]]></paragraph>
		<paragraph><![CDATA[marine and freshwater organisms to water pollution. ]]></paragraph>
		<paragraph><![CDATA[Today, Cherr is director of the bustling facility ]]></paragraph>
		<paragraph><![CDATA[perched on a pristine bluff overlooking the ]]></paragraph>
		<paragraph><![CDATA[Pacific Ocean. ]]></paragraph>
		<paragraph><![CDATA[“BML is unique, essentially a mini-campus ]]></paragraph>
		<paragraph><![CDATA[located about two hours from Davis,” Cherr said. ]]></paragraph>
		<paragraph><![CDATA[“Faculty and researchers are working on issues ]]></paragraph>
		<paragraph><![CDATA[ranging from the impacts of climate change on ]]></paragraph>
		<paragraph><![CDATA[marine and atmospheric systems to the effects of ]]></paragraph>
		<paragraph><![CDATA[oil spills and pollutants on habitats to how changes ]]></paragraph>
		<paragraph><![CDATA[in ocean productivity affect the food web.” ]]></paragraph>
		<paragraph><![CDATA[UC Davis has been managing BML and the ]]></paragraph>
		<paragraph><![CDATA[surrounding 362-acre Bodega Marine Reserve ]]></paragraph>
		<paragraph><![CDATA[since 1983. About 150 scientists, including 10 ]]></paragraph>
		<paragraph><![CDATA[resident faculty, use the lab throughout the year. ]]></paragraph>
		<paragraph><![CDATA[Undergraduates experience intensive learning-in- ]]></paragraph>
		<paragraph><![CDATA[residence courses at BML, and the facility hosts ]]></paragraph>
		<paragraph><![CDATA[upward of 12,000 public visitors annually. ]]></paragraph>
		<paragraph><![CDATA[A developmental toxicologist, Cherr has a ]]></paragraph>
		<paragraph><![CDATA[split appointment between the Department of ]]></paragraph>
		<paragraph><![CDATA[Environmental Toxicology and the Department ]]></paragraph>
		<paragraph><![CDATA[of Nutrition. He received his Ph.D. in zoology at ]]></paragraph>
		<paragraph><![CDATA[UC Davis in 1984 after conducting research on ]]></paragraph>
		<paragraph><![CDATA[the fertilization mechanisms of white sturgeon. ]]></paragraph>
		<paragraph><![CDATA[Cherr was the first to conduct research that ]]></paragraph>
		<paragraph><![CDATA[showed how creosote-treated pier pilings caused ]]></paragraph>
		<paragraph><![CDATA[abnormal development or death of Pacific herring ]]></paragraph>
		<paragraph><![CDATA[embryos, leading to a state ban on use of these ]]></paragraph>
		<paragraph><![CDATA[pilings. He later documented the lethal impact on ]]></paragraph>
		<paragraph><![CDATA[herring embryos from the 2007 Cosco Busan tanker ]]></paragraph>
		<paragraph><![CDATA[oil spill in San Francisco Bay. ]]></paragraph>
		<paragraph><![CDATA[“My reproductive and developmental biology ]]></paragraph>
		<paragraph><![CDATA[background has been very helpful for many ]]></paragraph>
		<paragraph><![CDATA[organisms that we have worked on over the years, ]]></paragraph>
		<paragraph><![CDATA[including the critically endangered white abalone,” ]]></paragraph>
		<paragraph><![CDATA[he said. (See page 9 for more on this work.) ]]></paragraph>
		<paragraph><![CDATA[Being the top administrator at BML is time ]]></paragraph>
		<paragraph><![CDATA[consuming, but he still teaches and maintains his ]]></paragraph>
		<paragraph><![CDATA[research program. “It helps to surround yourself ]]></paragraph>
		<paragraph><![CDATA[with really great people,” he said. ]]></paragraph>
		<paragraph><![CDATA[—John Stumbos ]]></paragraph>
		<paragraph><![CDATA[UC DAVIS COLLEGE OF AGRICULTURAL AND ENVIRONMENTAL SCIENCES ]]></paragraph>
		<paragraph><![CDATA[17 ]]></paragraph>
	</page>
	<page pageNumber="20">
		<paragraph><![CDATA[THE STUDENT STORY ]]></paragraph>
		<paragraph><![CDATA[Student residents at Bodega have a whale of a summer ]]></paragraph>
		<paragraph><![CDATA[THE BODEGA MARINE LABORATORY SUMMER ]]></paragraph>
		<paragraph><![CDATA[session offers undergraduates an immersive ]]></paragraph>
		<paragraph><![CDATA[experience in science and memories for ]]></paragraph>
		<paragraph><![CDATA[a lifetime. ]]></paragraph>
		<paragraph><![CDATA[For six weeks, students work together, ]]></paragraph>
		<paragraph><![CDATA[study together, and eat together. They live in ]]></paragraph>
		<paragraph><![CDATA[dormitories that are footsteps to Bodega harbor, ]]></paragraph>
		<paragraph><![CDATA[with its fishing boats, crab pots, and plaintive ]]></paragraph>
		<paragraph><![CDATA[fog horn. From the dorms, it’s less than a mile ]]></paragraph>
		<paragraph><![CDATA[uphill to the Bodega Marine Laboratory (BML), ]]></paragraph>
		<paragraph><![CDATA[located on a windswept bluff in a protected ]]></paragraph>
		<paragraph><![CDATA[marine reserve anchored by scenic Horseshoe ]]></paragraph>
		<paragraph><![CDATA[Cove. (See pages 4–5) The reserve offers a ]]></paragraph>
		<paragraph><![CDATA[slice of undisturbed intertidal and terrestrial ]]></paragraph>
		<paragraph><![CDATA[habitat—coastal prairie, saltmarsh, mud flats, ]]></paragraph>
		<paragraph><![CDATA[sandy beaches, tide pools—just waiting to ]]></paragraph>
		<paragraph><![CDATA[be investigated, measured, and analyzed by ]]></paragraph>
		<paragraph><![CDATA[enthusiastic young scientists. ]]></paragraph>
		<paragraph><![CDATA[Undergraduates from a variety of majors take ]]></paragraph>
		<paragraph><![CDATA[18 OUTLOOK FALL/WINTER 2017 ]]></paragraph>
		<paragraph><![CDATA[courses in biology, toxicology, oceanography, ]]></paragraph>
		<paragraph><![CDATA[ecology, and environmental policy. After two ]]></paragraph>
		<paragraph><![CDATA[weeks of lecture and hands-on training, they ]]></paragraph>
		<paragraph><![CDATA[plunge into creating and designing their own ]]></paragraph>
		<paragraph><![CDATA[research projects. ]]></paragraph>
		<paragraph><![CDATA[“They come up with their own idea and ]]></paragraph>
		<paragraph><![CDATA[hypothesis, and figure out what methods ]]></paragraph>
		<paragraph><![CDATA[they’re going to use,” said Professor Gary ]]></paragraph>
		<paragraph><![CDATA[Cherr, who has been teaching environmental ]]></paragraph>
		<paragraph><![CDATA[toxicology/nutrition during summer session ]]></paragraph>
		<paragraph><![CDATA[at BML since 2002. “The real value of the ]]></paragraph>
		<paragraph><![CDATA[program is that students get to do independent ]]></paragraph>
		<paragraph><![CDATA[scientific research.” ]]></paragraph>
		<paragraph><![CDATA[Research questions posed by the students ]]></paragraph>
		<paragraph><![CDATA[provide a framework for them to apply the ]]></paragraph>
		<paragraph><![CDATA[scientific method: hypothesis, experiment, data ]]></paragraph>
		<paragraph><![CDATA[collection, data analysis, and presentation of results. ]]></paragraph>
		<paragraph><![CDATA[Environmental toxicology major Garrot ]]></paragraph>
		<paragraph><![CDATA[McCune wants to know: How do tiny particles ]]></paragraph>
		<paragraph><![CDATA[FULL IMMERSION ]]></paragraph>
		<paragraph><![CDATA[GREGORY o ]]></paragraph>
		<paragraph><![CDATA[d Lorenz ]]></paragraph>
		<paragraph><![CDATA[u, left, an ]]></paragraph>
		<paragraph><![CDATA[Vivian Sie a find at the ]]></paragraph>
		<paragraph><![CDATA[are Olano sh lch tide pools. ]]></paragraph>
		<paragraph><![CDATA[Gu le ]]></paragraph>
		<paragraph><![CDATA[c a ]]></paragraph>
		<paragraph><![CDATA[Pinn A/UC Da ]]></paragraph>
		<paragraph><![CDATA[URQUIAG vis ]]></paragraph>
	</page>
	<page pageNumber="21">
		<paragraph><![CDATA[“Here I can geek out about ]]></paragraph>
		<paragraph><![CDATA[the ocean. I make a joke, and ]]></paragraph>
		<paragraph><![CDATA[everyone understands.” ]]></paragraph>
		<paragraph><![CDATA[vis A/UC Da ]]></paragraph>
		<paragraph><![CDATA[URQUIAG GREGORY ]]></paragraph>
		<paragraph><![CDATA[“They just give us the keys to the lab, ]]></paragraph>
		<paragraph><![CDATA[and say, ‘You can use everything.’” ]]></paragraph>
		<paragraph><![CDATA[of plastic—broken down over time from water ]]></paragraph>
		<paragraph><![CDATA[bottles and other garbage discarded in the sea— ]]></paragraph>
		<paragraph><![CDATA[affect marine organisms? He uses sea urchin ]]></paragraph>
		<paragraph><![CDATA[larvae as the model for his project because sea ]]></paragraph>
		<paragraph><![CDATA[urchins reproduce easily and because they ]]></paragraph>
		<paragraph><![CDATA[show for students. “They teach us how to use ]]></paragraph>
		<paragraph><![CDATA[may accidentally feed on plastic particles that ]]></paragraph>
		<paragraph><![CDATA[the equipment and meet with us individually to ]]></paragraph>
		<paragraph><![CDATA[they mistake for the small phytoplankton they ]]></paragraph>
		<paragraph><![CDATA[discuss our projects,” said Holt. “But then they ]]></paragraph>
		<paragraph><![CDATA[typically consume. ]]></paragraph>
		<paragraph><![CDATA[just give us the keys to the lab, and say, ‘You can ]]></paragraph>
		<paragraph><![CDATA[Research partners Lorenzo Olano (animal ]]></paragraph>
		<paragraph><![CDATA[use everything.’” ]]></paragraph>
		<paragraph><![CDATA[science) and Vivian Sieu (environmental science ]]></paragraph>
		<paragraph><![CDATA[Allen Huynh, a wildlife, fish and conservation ]]></paragraph>
		<paragraph><![CDATA[and management) are wondering: Does an ]]></paragraph>
		<paragraph><![CDATA[biology senior, said he first learned about the ]]></paragraph>
		<paragraph><![CDATA[invasive species of skeleton shrimp from Japan ]]></paragraph>
		<paragraph><![CDATA[summer program at Bodega when he was a ]]></paragraph>
		<paragraph><![CDATA[have a symbiotic relationship with a tiny invasive freshman, but waited to attend until he had ]]></paragraph>
		<paragraph><![CDATA[marine invertebrate called Bugula that is giving ]]></paragraph>
		<paragraph><![CDATA[completed his prerequisite courses. “This is ]]></paragraph>
		<paragraph><![CDATA[both species a competitive advantage over native ]]></paragraph>
		<paragraph><![CDATA[a once-in-lifetime opportunity for me,” said ]]></paragraph>
		<paragraph><![CDATA[marine life in Bodega? ]]></paragraph>
		<paragraph><![CDATA[Huynh. “We’re right next to the ocean. We study ]]></paragraph>
		<paragraph><![CDATA[“Students take full ownership of their ]]></paragraph>
		<paragraph><![CDATA[something in a book, we look outside, and there ]]></paragraph>
		<paragraph><![CDATA[projects,” said Cherr. “They learn to go through ]]></paragraph>
		<paragraph><![CDATA[it is.” ]]></paragraph>
		<paragraph><![CDATA[the frustration of having things not work, of ]]></paragraph>
		<paragraph><![CDATA[—Robin DeRieux ]]></paragraph>
		<paragraph><![CDATA[overcoming obstacles. It’s sort of a boot camp for ]]></paragraph>
		<paragraph><![CDATA[budding scientists.” ]]></paragraph>
		<paragraph><![CDATA[For undergraduates, ]]></paragraph>
		<paragraph><![CDATA[rks with ]]></paragraph>
		<paragraph><![CDATA[summer session at Bodega ]]></paragraph>
		<paragraph><![CDATA[rawal wo ]]></paragraph>
		<paragraph><![CDATA[Anika Ag in the laboratory. ]]></paragraph>
		<paragraph><![CDATA[s is an opportunity to build ]]></paragraph>
		<paragraph><![CDATA[sea urchin ]]></paragraph>
		<paragraph><![CDATA[laboratory skills, explore ]]></paragraph>
		<paragraph><![CDATA[career paths, participate in ]]></paragraph>
		<paragraph><![CDATA[a program that stands out ]]></paragraph>
		<paragraph><![CDATA[on their resumes, and get to ]]></paragraph>
		<paragraph><![CDATA[know faculty in an intimate ]]></paragraph>
		<paragraph><![CDATA[classroom setting. “We have ]]></paragraph>
		<paragraph><![CDATA[two professors and a teaching ]]></paragraph>
		<paragraph><![CDATA[assistant who are very helpful ]]></paragraph>
		<paragraph><![CDATA[and a class with only eight ]]></paragraph>
		<paragraph><![CDATA[people,” said Anika Agrawal, an ]]></paragraph>
		<paragraph><![CDATA[environmental toxicology major ]]></paragraph>
		<paragraph><![CDATA[who expects to continue marine ]]></paragraph>
		<paragraph><![CDATA[studies in graduate school. ]]></paragraph>
		<paragraph><![CDATA[Agrawal also appreciates the ]]></paragraph>
		<paragraph><![CDATA[chance that Bodega provides to ]]></paragraph>
		<paragraph><![CDATA[bond with students who share ]]></paragraph>
		<paragraph><![CDATA[similar interests. “Here I can ]]></paragraph>
		<paragraph><![CDATA[geek out about the ocean,” she ]]></paragraph>
		<paragraph><![CDATA[said. “I make a joke, and everyone ]]></paragraph>
		<paragraph><![CDATA[understands.” Students of marine and coastal ]]></paragraph>
		<paragraph><![CDATA[science—a multicollege major offered ]]></paragraph>
		<paragraph><![CDATA[at UC Davis since 2014—can fulfill ]]></paragraph>
		<paragraph><![CDATA[their field requirement by participating ]]></paragraph>
		<paragraph><![CDATA[in the residence program at Bodega. ]]></paragraph>
		<paragraph><![CDATA[Annie Holt, a member of the inaugural ]]></paragraph>
		<paragraph><![CDATA[class of marine and coastal science ]]></paragraph>
		<paragraph><![CDATA[majors, is doing two consecutive ]]></paragraph>
		<paragraph><![CDATA[summer sessions at Bodega and ]]></paragraph>
		<paragraph><![CDATA[appreciates the trust that BML faculty ]]></paragraph>
		<paragraph><![CDATA[UC DAVIS COLLEGE OF AGRICULTURAL AND ENVIRONMENTAL SCIENCES ]]></paragraph>
		<paragraph><![CDATA[19 ]]></paragraph>
	</page>
	<page pageNumber="22">
		<paragraph><![CDATA[ALUMNI FOCUS ]]></paragraph>
		<paragraph><![CDATA[Marilyn Holdenried ]]></paragraph>
		<paragraph><![CDATA[A 60-year Reunion ]]></paragraph>
		<paragraph><![CDATA[Seven friends who met in Hughes Hall dormitory return to Davis ]]></paragraph>
		<paragraph><![CDATA[IN MARCH 2017 SEVEN WOMEN ]]></paragraph>
		<paragraph><![CDATA[Carolyn Van Konynenburg ]]></paragraph>
		<paragraph><![CDATA[Laurie Schuler ]]></paragraph>
		<paragraph><![CDATA[Judy Hilger ]]></paragraph>
		<paragraph><![CDATA[Sandy Bishop ]]></paragraph>
		<paragraph><![CDATA[Sandy Mathews ]]></paragraph>
		<paragraph><![CDATA[who met in the Hughes ]]></paragraph>
		<paragraph><![CDATA[Hall dormitory 60 years ago ]]></paragraph>
		<paragraph><![CDATA[returned to UC Davis to ]]></paragraph>
		<paragraph><![CDATA[celebrate their friendship. ]]></paragraph>
		<paragraph><![CDATA[Every year since ]]></paragraph>
		<paragraph><![CDATA[graduation they’ve met ]]></paragraph>
		<paragraph><![CDATA[somewhere in Northern ]]></paragraph>
		<paragraph><![CDATA[California to hang out and ]]></paragraph>
		<paragraph><![CDATA[have a good time—McCloud, ]]></paragraph>
		<paragraph><![CDATA[Carmel, Bodega Bay, and ]]></paragraph>
		<paragraph><![CDATA[Lake Tahoe, to name a few. ]]></paragraph>
		<paragraph><![CDATA[This year it was time to ]]></paragraph>
		<paragraph><![CDATA[reconnect with their ]]></paragraph>
		<paragraph><![CDATA[Aggie roots. ]]></paragraph>
		<paragraph><![CDATA[Things have changed ]]></paragraph>
		<paragraph><![CDATA[a bit since the original 10 ]]></paragraph>
		<paragraph><![CDATA[women—Carolyn Forgie ]]></paragraph>
		<paragraph><![CDATA[Left to right, alumnae Marilyn Holdenried, Carolyn Van Konynenburg, Laurie ]]></paragraph>
		<paragraph><![CDATA[Van Konynenburg, Laurie ]]></paragraph>
		<paragraph><![CDATA[Schuler, Judy Hilger, Sandy Bishop, Sandy Mathews, and Joyce Ledwith ]]></paragraph>
		<paragraph><![CDATA[Kirkman Schuler, Claire ]]></paragraph>
		<paragraph><![CDATA[stopped by Aggie Stadium on a spring tour of their alma mater. ]]></paragraph>
		<paragraph><![CDATA[Landis Hintz, Nancy ]]></paragraph>
		<paragraph><![CDATA[Metz Hendrick, Sandy ]]></paragraph>
		<paragraph><![CDATA[Mullins Bishop, Joyce ]]></paragraph>
		<paragraph><![CDATA[Dillard. “This group was so enthusiastic and ]]></paragraph>
		<paragraph><![CDATA[Nelson Ledwith, Sandy Nelson Mathews, Judy ]]></paragraph>
		<paragraph><![CDATA[energetic,” Dillard said. “We had a wonderful ]]></paragraph>
		<paragraph><![CDATA[Niederhaus Hilger, Sheryl Steiner Arnoldy, and ]]></paragraph>
		<paragraph><![CDATA[time sharing stories from our days as students ]]></paragraph>
		<paragraph><![CDATA[Marilyn Van Camp Holdenried—attended college at UC Davis. I encourage all alumni to stay ]]></paragraph>
		<paragraph><![CDATA[here. connected to their alma mater and meet with ]]></paragraph>
		<paragraph><![CDATA[“When we came to Davis 60 years ago, this ]]></paragraph>
		<paragraph><![CDATA[friends, faculty, and new students.” ]]></paragraph>
		<paragraph><![CDATA[was the smallest campus in the UC system,” ]]></paragraph>
		<paragraph><![CDATA[Although there were no sororities on campus, ]]></paragraph>
		<paragraph><![CDATA[Schuler said. Enrollment at the time was just shy ]]></paragraph>
		<paragraph><![CDATA[they felt their special group needed a moniker ]]></paragraph>
		<paragraph><![CDATA[of 2,200 students. Five of the original 10 women ]]></paragraph>
		<paragraph><![CDATA[to show their bond. Since they all owned a ]]></paragraph>
		<paragraph><![CDATA[majored in home economics, four in American ]]></paragraph>
		<paragraph><![CDATA[black sheath dress, they dubbed themselves ]]></paragraph>
		<paragraph><![CDATA[civilization, and one in history. Seven became ]]></paragraph>
		<paragraph><![CDATA[Beta Sigma Delta. ]]></paragraph>
		<paragraph><![CDATA[teachers, two went into agricultural businesses ]]></paragraph>
		<paragraph><![CDATA[The ladies of Beta Sigma Delta still have fond ]]></paragraph>
		<paragraph><![CDATA[with their husbands, and one went into real ]]></paragraph>
		<paragraph><![CDATA[feelings for the small college they came to so long ]]></paragraph>
		<paragraph><![CDATA[estate sales. ]]></paragraph>
		<paragraph><![CDATA[ago. “It was a magical place where we could meet ]]></paragraph>
		<paragraph><![CDATA[The visitors toured the Robert Mondavi ]]></paragraph>
		<paragraph><![CDATA[other students who were moving toward the goal ]]></paragraph>
		<paragraph><![CDATA[Institute for Wine and Food Science and sampled of graduation with a career in mind,” Holdenried ]]></paragraph>
		<paragraph><![CDATA[its honey and olive oil products, enjoyed lunch ]]></paragraph>
		<paragraph><![CDATA[said. “This was a safe place where we could learn, ]]></paragraph>
		<paragraph><![CDATA[with students in the Segundo Dining Commons, ]]></paragraph>
		<paragraph><![CDATA[expand our horizons, and hone our sense of ]]></paragraph>
		<paragraph><![CDATA[and learned how the Student Farm is teaching ]]></paragraph>
		<paragraph><![CDATA[self-reliance.” today’s students about sustainable agriculture. ]]></paragraph>
		<paragraph><![CDATA[—John Stumbos ]]></paragraph>
		<paragraph><![CDATA[They also visited with CA&ES Dean Helene ]]></paragraph>
		<paragraph><![CDATA[Joyce Ledwith ]]></paragraph>
		<paragraph><![CDATA[20 OUTLOOK FALL/WINTER 2017 ]]></paragraph>
	</page>
	<page pageNumber="23">
		<paragraph><![CDATA[FINAL FRAME ]]></paragraph>
		<paragraph><![CDATA[KARIN HIGGINS/UC Davis ]]></paragraph>
		<paragraph><![CDATA[Ebb and Flow ]]></paragraph>
		<paragraph><![CDATA[UC Davis environmental science students take water samples from Suisun Marsh, a tidal estuary where ]]></paragraph>
		<paragraph><![CDATA[freshwater from the Sierras meets saltwater from San Francisco and creates a brackish mix. Suisun Marsh ]]></paragraph>
		<paragraph><![CDATA[is an essential part of the Delta ecosystem that connects the Sacramento and San Joaquin rivers to the ]]></paragraph>
		<paragraph><![CDATA[San Francisco Bay. The limnology field class, taught by CA&ES Professor Steven Sadro, helps students ]]></paragraph>
		<paragraph><![CDATA[develop an understanding of inland aquatic ecosystems. ]]></paragraph>
		<paragraph><![CDATA[UC DAVIS COLLEGE OF AGRICULTURAL AND ENVIRONMENTAL SCIENCES ]]></paragraph>
		<paragraph><![CDATA[21 ]]></paragraph>
	</page>
	<page pageNumber="24">
		<paragraph><![CDATA[Non-Profit Org ]]></paragraph>
		<paragraph><![CDATA[US Postage ]]></paragraph>
		<paragraph><![CDATA[PAID Davis, CA ]]></paragraph>
		<paragraph><![CDATA[Permit No. 3 ]]></paragraph>
		<paragraph><![CDATA[University of California, Davis ]]></paragraph>
		<paragraph><![CDATA[One Shields Avenue ]]></paragraph>
		<paragraph><![CDATA[Davis, CA 95616-8571 ]]></paragraph>
		<paragraph><![CDATA[#986H A gift to the College ]]></paragraph>
		<paragraph><![CDATA[of Agricultural and ]]></paragraph>
		<paragraph><![CDATA[Environmental Sciences ]]></paragraph>
		<paragraph><![CDATA[(CA&ES) Dean’s Circle ]]></paragraph>
		<paragraph><![CDATA[helps budding scientists ]]></paragraph>
		<paragraph><![CDATA[get their feet wet ]]></paragraph>
		<paragraph><![CDATA[in marine sciences. ]]></paragraph>
		<paragraph><![CDATA[Summer school students ]]></paragraph>
		<paragraph><![CDATA[live and study for six ]]></paragraph>
		<paragraph><![CDATA[weeks at the UC Davis ]]></paragraph>
		<paragraph><![CDATA[Bodega Marine Lab with ]]></paragraph>
		<paragraph><![CDATA[help from Dean’s Circle ]]></paragraph>
		<paragraph><![CDATA[funds to cover the cost of ]]></paragraph>
		<paragraph><![CDATA[room and board. ]]></paragraph>
		<paragraph><![CDATA[Your contribution to the ]]></paragraph>
		<paragraph><![CDATA[CA&ES Dean’s Circle can ]]></paragraph>
		<paragraph><![CDATA[have a lasting effect on ]]></paragraph>
		<paragraph><![CDATA[our society by supporting ]]></paragraph>
		<paragraph><![CDATA[the next generation of ]]></paragraph>
		<paragraph><![CDATA[scientists. Make an impact. ]]></paragraph>
		<paragraph><![CDATA[Give today. ]]></paragraph>
		<paragraph><![CDATA[CAES.UCDAVIS.EDU/GIVING Make a big ]]></paragraph>
		<paragraph><![CDATA[in a student’s life ]]></paragraph>
		<paragraph><![CDATA[22 OUTLOOK FALL/WINTER 2017 ]]></paragraph>
		<paragraph><![CDATA[ROBIN DERIEUX/UC Davis ]]></paragraph>
		<paragraph><![CDATA[impact Hao Hao Pontius ]]></paragraph>
		<paragraph><![CDATA[animal biology, Class of 2018 ]]></paragraph>
		<paragraph><![CDATA[Bodega Marine Lab summer ]]></paragraph>
		<paragraph><![CDATA[resident Hao Hao explores ]]></paragraph>
		<paragraph><![CDATA[Pinnacle Gulch tide pools ]]></paragraph>
		<paragraph><![CDATA[as part of field studies in ]]></paragraph>
		<paragraph><![CDATA[invertebrate biology. ]]></paragraph>
	</page>
</results>