{
    "value000": {
        "SEODescription": {
            "data": ""
        },
        "SEOKeywords": {
            "data": "Digital Magazine, Digital Edition, e-replica, e publishing, digital publishing software, eMag, PageFlip, 3dissue, 3D Issue"
        },
        "ibuttons": {
            "value01": "png",
            "value02": "png",
            "value03": "png",
            "value04": "png",
            "value05": "png",
            "value06": "png",
            "value07": "png",
            "value08": "png",
            "value09": "png",
            "value10": "png",
            "value11": "png",
            "value12": "png",
            "value13": "png",
            "value14": "png",
            "value15": "png",
            "value16": "png"
        },
        "value001": {
            "value012": [
                {
                    "value013": "hot",
                    "value013a": "em",
                    "value014": "2",
                    "value016": "361",
                    "value017": "950",
                    "value018": "188",
                    "value019": "17",
                    "value019a": "0",
                    "value020": "abi-advising@ucdavis.edu",
                    "value022": "",
                    "value023a": "0xe7cd6c",
                    "value023b": "0xffffff",
                    "value024a": "0.40",
                    "value024b": "0.00",
                    "value025a": "false",
                    "value025b": "false"
                },
                {
                    "value013": "hot",
                    "value013a": "wl",
                    "value014": "2",
                    "value016": "361",
                    "value017": "967",
                    "value018": "255",
                    "value019": "16",
                    "value019a": "0",
                    "value020": "http://ucdavis.edu/majors/animal-biology",
                    "value022": "",
                    "value023a": "0xe7cd6c",
                    "value023b": "0xffffff",
                    "value024a": "0.40",
                    "value024b": "0.00",
                    "value025a": "false",
                    "value025b": "false"
                },
                {
                    "value013": "hot",
                    "value013a": "em",
                    "value014": "2",
                    "value016": "936",
                    "value017": "1192",
                    "value018": "133",
                    "value019": "17",
                    "value019a": "0",
                    "value020": "asac@ucdavis.edu",
                    "value022": "",
                    "value023a": "0xe7cd6c",
                    "value023b": "0xffffff",
                    "value024a": "0.40",
                    "value024b": "0.00",
                    "value025a": "false",
                    "value025b": "false"
                },
                {
                    "value013": "hot",
                    "value013a": "wl",
                    "value014": "2",
                    "value016": "936",
                    "value017": "1209",
                    "value018": "250",
                    "value019": "38",
                    "value019a": "0",
                    "value020": "http://animalscience.ucdavis.edu/asac/\ranm-major.html",
                    "value022": "",
                    "value023a": "0xe7cd6c",
                    "value023b": "0xffffff",
                    "value024a": "0.40",
                    "value024b": "0.00",
                    "value025a": "false",
                    "value025b": "false"
                },
                {
                    "value013": "hot",
                    "value013a": "em",
                    "value014": "2",
                    "value016": "73",
                    "value017": "1266",
                    "value018": "133",
                    "value019": "17",
                    "value019a": "0",
                    "value020": "asac@ucdavis.edu",
                    "value022": "",
                    "value023a": "0xe7cd6c",
                    "value023b": "0xffffff",
                    "value024a": "0.40",
                    "value024b": "0.00",
                    "value025a": "false",
                    "value025b": "false"
                },
                {
                    "value013": "hot",
                    "value013a": "wl",
                    "value014": "2",
                    "value016": "73",
                    "value017": "1283",
                    "value018": "245",
                    "value019": "33",
                    "value019a": "0",
                    "value020": "http://animalscience.ucdavis.edu/asac/\raee-major.html",
                    "value022": "",
                    "value023a": "0xe7cd6c",
                    "value023b": "0xffffff",
                    "value024a": "0.40",
                    "value024b": "0.00",
                    "value025a": "false",
                    "value025b": "false"
                },
                {
                    "value013": "hot",
                    "value013a": "em",
                    "value014": "2",
                    "value016": "648",
                    "value017": "1284",
                    "value018": "133",
                    "value019": "17",
                    "value019a": "0",
                    "value020": "asac@ucdavis.edu",
                    "value022": "",
                    "value023a": "0xe7cd6c",
                    "value023b": "0xffffff",
                    "value024a": "0.40",
                    "value024b": "0.00",
                    "value025a": "false",
                    "value025b": "false"
                },
                {
                    "value013": "hot",
                    "value013a": "wl",
                    "value014": "2",
                    "value016": "648",
                    "value017": "1301",
                    "value018": "247",
                    "value019": "38",
                    "value019a": "0",
                    "value020": "http://animalscience.ucdavis.edu/asac/\rans-major.htm",
                    "value022": "",
                    "value023a": "0xe7cd6c",
                    "value023b": "0xffffff",
                    "value024a": "0.40",
                    "value024b": "0.00",
                    "value025a": "false",
                    "value025b": "false"
                },
                {
                    "value013": "hot",
                    "value013a": "pho",
                    "value014": "2",
                    "value016": "73",
                    "value017": "1245",
                    "value018": "109",
                    "value019": "15",
                    "value019a": "0",
                    "value020": "+1530-754-7915",
                    "value020a": "+1US",
                    "value022": "",
                    "value023a": "0xe7cd6c",
                    "value023b": "0xffffff",
                    "value024a": "0.40",
                    "value024b": "0.00",
                    "value025a": "false",
                    "value025b": "false"
                },
                {
                    "value013": "hot",
                    "value013a": "pho",
                    "value014": "2",
                    "value016": "360",
                    "value017": "927",
                    "value018": "107",
                    "value019": "17",
                    "value019a": "0",
                    "value020": "+1530-754-7277",
                    "value020a": "+1US",
                    "value022": "",
                    "value023a": "0xe7cd6c",
                    "value023b": "0xffffff",
                    "value024a": "0.40",
                    "value024b": "0.00",
                    "value025a": "false",
                    "value025b": "false"
                },
                {
                    "value013": "hot",
                    "value013a": "pho",
                    "value014": "2",
                    "value016": "649",
                    "value017": "1262",
                    "value018": "104",
                    "value019": "16",
                    "value019a": "0",
                    "value020": "+1530-754-7915",
                    "value020a": "+1US",
                    "value022": "",
                    "value023a": "0xe7cd6c",
                    "value023b": "0xffffff",
                    "value024a": "0.40",
                    "value024b": "0.00",
                    "value025a": "false",
                    "value025b": "false"
                },
                {
                    "value013": "hot",
                    "value013a": "pho",
                    "value014": "2",
                    "value016": "934",
                    "value017": "1171",
                    "value018": "108",
                    "value019": "16",
                    "value019a": "0",
                    "value020": "+1530-754-7915",
                    "value020a": "+1US",
                    "value022": "",
                    "value023a": "0xe7cd6c",
                    "value023b": "0xffffff",
                    "value024a": "0.40",
                    "value024b": "0.00",
                    "value025a": "false",
                    "value025b": "false"
                },
                {
                    "value013": "hot",
                    "value013a": "pvl",
                    "value014": "2",
                    "value016": "645",
                    "value017": "1363",
                    "value018": "102",
                    "value019": "105",
                    "value019a": "0",
                    "value020": "Vng4G5hf608",
                    "value020b": "",
                    "value020d": "youtube",
                    "value022": "",
                    "value022a": "",
                    "value023a": "0xe7cd6c",
                    "value023b": "0xffffff",
                    "value024a": "0.40",
                    "value024b": "0.00",
                    "value025a": "false",
                    "value025b": "false",
                    "value028": "640",
                    "value029": "480"
                },
                {
                    "value013": "hot",
                    "value013a": "em",
                    "value014": "3",
                    "value016": "650",
                    "value017": "976",
                    "value018": "220",
                    "value019": "17",
                    "value019a": "0",
                    "value020": "nutritionadvising@ucdavis.edu",
                    "value022": "",
                    "value023a": "0xe7cd6c",
                    "value023b": "0xffffff",
                    "value024a": "0.40",
                    "value024b": "0.00",
                    "value025a": "false",
                    "value025b": "false"
                },
                {
                    "value013": "hot",
                    "value013a": "wl",
                    "value014": "3",
                    "value016": "650",
                    "value017": "996",
                    "value018": "151",
                    "value019": "16",
                    "value019a": "0",
                    "value020": "http://nutrition.ucdavis.edu",
                    "value022": "",
                    "value023a": "0xe7cd6c",
                    "value023b": "0xffffff",
                    "value024a": "0.40",
                    "value024b": "0.00",
                    "value025a": "false",
                    "value025b": "false"
                },
                {
                    "value013": "hot",
                    "value013a": "em",
                    "value014": "3",
                    "value016": "75",
                    "value017": "1016",
                    "value018": "191",
                    "value019": "17",
                    "value019a": "0",
                    "value020": "lawradvising@ucdavis.edu",
                    "value022": "",
                    "value023a": "0xe7cd6c",
                    "value023b": "0xffffff",
                    "value024a": "0.40",
                    "value024b": "0.00",
                    "value025a": "false",
                    "value025b": "false"
                },
                {
                    "value013": "hot",
                    "value013a": "wl",
                    "value014": "3",
                    "value016": "75",
                    "value017": "1036",
                    "value018": "121",
                    "value019": "16",
                    "value019a": "0",
                    "value020": "http://lawr.ucdavis.edu",
                    "value022": "",
                    "value023a": "0xe7cd6c",
                    "value023b": "0xffffff",
                    "value024a": "0.40",
                    "value024b": "0.00",
                    "value025a": "false",
                    "value025b": "false"
                },
                {
                    "value013": "hot",
                    "value013a": "wl",
                    "value014": "3",
                    "value016": "937",
                    "value017": "1128",
                    "value018": "118",
                    "value019": "16",
                    "value019a": "0",
                    "value020": "http://hcd.ucdavis.edu",
                    "value022": "",
                    "value023a": "0xe7cd6c",
                    "value023b": "0xffffff",
                    "value024a": "0.40",
                    "value024b": "0.00",
                    "value025a": "false",
                    "value025b": "false"
                },
                {
                    "value013": "hot",
                    "value013a": "wl",
                    "value014": "3",
                    "value016": "362",
                    "value017": "1170",
                    "value018": "187",
                    "value019": "16",
                    "value019a": "0",
                    "value020": "http://biotechmajor.ucdavis.edu",
                    "value022": "",
                    "value023a": "0xe7cd6c",
                    "value023b": "0xffffff",
                    "value024a": "0.40",
                    "value024b": "0.00",
                    "value025a": "false",
                    "value025b": "false"
                },
                {
                    "value013": "hot",
                    "value013a": "pho",
                    "value014": "3",
                    "value016": "74",
                    "value017": "992",
                    "value018": "108",
                    "value019": "19",
                    "value019a": "0",
                    "value020": "+1530-752-1603",
                    "value020a": "+1US",
                    "value022": "",
                    "value023a": "0xe7cd6c",
                    "value023b": "0xffffff",
                    "value024a": "0.40",
                    "value024b": "0.00",
                    "value025a": "false",
                    "value025b": "false"
                },
                {
                    "value013": "hot",
                    "value013a": "pho",
                    "value014": "3",
                    "value016": "360",
                    "value017": "1150",
                    "value018": "106",
                    "value019": "15",
                    "value019a": "0",
                    "value020": "+1530-752-1715",
                    "value020a": "+1US",
                    "value022": "",
                    "value023a": "0xe7cd6c",
                    "value023b": "0xffffff",
                    "value024a": "0.40",
                    "value024b": "0.00",
                    "value025a": "false",
                    "value025b": "false"
                },
                {
                    "value013": "hot",
                    "value013a": "pho",
                    "value014": "3",
                    "value016": "647",
                    "value017": "953",
                    "value018": "106",
                    "value019": "18",
                    "value019a": "0",
                    "value020": "+1530-752-2512",
                    "value020a": "+1US",
                    "value022": "",
                    "value023a": "0xe7cd6c",
                    "value023b": "0xffffff",
                    "value024a": "0.40",
                    "value024b": "0.00",
                    "value025a": "false",
                    "value025b": "false"
                },
                {
                    "value013": "hot",
                    "value013a": "pho",
                    "value014": "3",
                    "value016": "775",
                    "value017": "954",
                    "value018": "109",
                    "value019": "18",
                    "value019a": "0",
                    "value020": "+1530-752-7094",
                    "value020a": "+1US",
                    "value022": "",
                    "value023a": "0xe7cd6c",
                    "value023b": "0xffffff",
                    "value024a": "0.40",
                    "value024b": "0.00",
                    "value025a": "false",
                    "value025b": "false"
                },
                {
                    "value013": "hot",
                    "value013a": "pho",
                    "value014": "3",
                    "value016": "936",
                    "value017": "1105",
                    "value018": "106",
                    "value019": "16",
                    "value019a": "0",
                    "value020": "+1530-752-2244",
                    "value020a": "+1US",
                    "value022": "",
                    "value023a": "0xe7cd6c",
                    "value023b": "0xffffff",
                    "value024a": "0.40",
                    "value024b": "0.00",
                    "value025a": "false",
                    "value025b": "false"
                },
                {
                    "value013": "hot",
                    "value013a": "pvl",
                    "value014": "3",
                    "value016": "648",
                    "value017": "1030",
                    "value018": "111",
                    "value019": "111",
                    "value019a": "0",
                    "value020": "JGme5fU3lPQ",
                    "value020b": "",
                    "value020d": "youtube",
                    "value022": "",
                    "value022a": "",
                    "value023a": "0xe7cd6c",
                    "value023b": "0xffffff",
                    "value024a": "0.40",
                    "value024b": "0.00",
                    "value025a": "false",
                    "value025b": "false",
                    "value028": "640",
                    "value029": "480"
                },
                {
                    "value013": "hot",
                    "value013a": "wl",
                    "value014": "4",
                    "value016": "362",
                    "value017": "977",
                    "value018": "178",
                    "value019": "16",
                    "value019a": "0",
                    "value020": "http://entomology.ucdavis.edu",
                    "value022": "",
                    "value023a": "0xe7cd6c",
                    "value023b": "0xffffff",
                    "value024a": "0.40",
                    "value024b": "0.00",
                    "value025a": "false",
                    "value025b": "false"
                },
                {
                    "value013": "hot",
                    "value013a": "wl",
                    "value014": "4",
                    "value016": "75",
                    "value017": "1080",
                    "value018": "192",
                    "value019": "16",
                    "value019a": "0",
                    "value020": "http://plantsciences.ucdavis.edu",
                    "value022": "",
                    "value023a": "0xe7cd6c",
                    "value023b": "0xffffff",
                    "value024a": "0.40",
                    "value024b": "0.00",
                    "value025a": "false",
                    "value025b": "false"
                },
                {
                    "value013": "hot",
                    "value013a": "wl",
                    "value014": "4",
                    "value016": "650",
                    "value017": "1128",
                    "value018": "192",
                    "value019": "16",
                    "value019a": "0",
                    "value020": "http://plantsciences.ucdavis.edu",
                    "value022": "",
                    "value023a": "0xe7cd6c",
                    "value023b": "0xffffff",
                    "value024a": "0.40",
                    "value024b": "0.00",
                    "value025a": "false",
                    "value025b": "false"
                },
                {
                    "value013": "hot",
                    "value013a": "wl",
                    "value014": "4",
                    "value016": "937",
                    "value017": "1253",
                    "value018": "128",
                    "value019": "16",
                    "value019a": "0",
                    "value020": "http://desp.ucdavis.edu",
                    "value022": "",
                    "value023a": "0xe7cd6c",
                    "value023b": "0xffffff",
                    "value024a": "0.40",
                    "value024b": "0.00",
                    "value025a": "false",
                    "value025b": "false"
                },
                {
                    "value013": "hot",
                    "value013a": "pho",
                    "value014": "4",
                    "value016": "73",
                    "value017": "1056",
                    "value018": "110",
                    "value019": "19",
                    "value019a": "0",
                    "value020": "+1530-752-9770",
                    "value020a": "+1US",
                    "value022": "",
                    "value023a": "0xe7cd6c",
                    "value023b": "0xffffff",
                    "value024a": "0.40",
                    "value024b": "0.00",
                    "value025a": "false",
                    "value025b": "false"
                },
                {
                    "value013": "hot",
                    "value013a": "pho",
                    "value014": "4",
                    "value016": "360",
                    "value017": "954",
                    "value018": "112",
                    "value019": "17",
                    "value019a": "0",
                    "value020": "+1530-754-7277",
                    "value020a": "+1US",
                    "value022": "",
                    "value023a": "0xe7cd6c",
                    "value023b": "0xffffff",
                    "value024a": "0.40",
                    "value024b": "0.00",
                    "value025a": "false",
                    "value025b": "false"
                },
                {
                    "value013": "hot",
                    "value013a": "pho",
                    "value014": "4",
                    "value016": "649",
                    "value017": "1105",
                    "value018": "110",
                    "value019": "18",
                    "value019a": "0",
                    "value020": "+1530-752-9770",
                    "value020a": "+1US",
                    "value022": "",
                    "value023a": "0xe7cd6c",
                    "value023b": "0xffffff",
                    "value024a": "0.40",
                    "value024b": "0.00",
                    "value025a": "false",
                    "value025b": "false"
                },
                {
                    "value013": "hot",
                    "value013a": "pho",
                    "value014": "4",
                    "value016": "936",
                    "value017": "1231",
                    "value018": "102",
                    "value019": "17",
                    "value019a": "0",
                    "value020": "+1530-752-7183",
                    "value020a": "+1US",
                    "value022": "",
                    "value023a": "0xe7cd6c",
                    "value023b": "0xffffff",
                    "value024a": "0.40",
                    "value024b": "0.00",
                    "value025a": "false",
                    "value025b": "false"
                },
                {
                    "value013": "hot",
                    "value013a": "em",
                    "value014": "5",
                    "value016": "937",
                    "value017": "983",
                    "value018": "183",
                    "value019": "16",
                    "value019a": "0",
                    "value020": "gdb-advise@ucdavis.edu",
                    "value022": "",
                    "value023a": "0xe7cd6c",
                    "value023b": "0xffffff",
                    "value024a": "0.40",
                    "value024b": "0.00",
                    "value025a": "false",
                    "value025b": "false"
                },
                {
                    "value013": "hot",
                    "value013a": "wl",
                    "value014": "5",
                    "value016": "937",
                    "value017": "1003",
                    "value018": "120",
                    "value019": "16",
                    "value019a": "0",
                    "value020": "http://gdb.ucdavis.edu",
                    "value022": "",
                    "value023a": "0xe7cd6c",
                    "value023b": "0xffffff",
                    "value024a": "0.40",
                    "value024b": "0.00",
                    "value025a": "false",
                    "value025b": "false"
                },
                {
                    "value013": "hot",
                    "value013a": "em",
                    "value014": "5",
                    "value016": "650",
                    "value017": "1112",
                    "value018": "189",
                    "value019": "16",
                    "value019a": "0",
                    "value020": "bftvadvising@ucdavis.edu",
                    "value022": "",
                    "value023a": "0xe7cd6c",
                    "value023b": "0xffffff",
                    "value024a": "0.40",
                    "value024b": "0.00",
                    "value025a": "false",
                    "value025b": "false"
                },
                {
                    "value013": "hot",
                    "value013a": "wl",
                    "value014": "5",
                    "value016": "650",
                    "value017": "1132",
                    "value018": "181",
                    "value019": "16",
                    "value019a": "0",
                    "value020": "http://foodscience.ucdavis.edu",
                    "value022": "",
                    "value023a": "0xe7cd6c",
                    "value023b": "0xffffff",
                    "value024a": "0.40",
                    "value024b": "0.00",
                    "value025a": "false",
                    "value025b": "false"
                },
                {
                    "value013": "hot",
                    "value013a": "wl",
                    "value014": "5",
                    "value016": "362",
                    "value017": "1144",
                    "value018": "123",
                    "value019": "16",
                    "value019a": "0",
                    "value020": "http://etox.ucdavis.edu",
                    "value022": "",
                    "value023a": "0xe7cd6c",
                    "value023b": "0xffffff",
                    "value024a": "0.40",
                    "value024b": "0.00",
                    "value025a": "false",
                    "value025b": "false"
                },
                {
                    "value013": "hot",
                    "value013a": "wl",
                    "value014": "5",
                    "value016": "75",
                    "value017": "1267",
                    "value018": "128",
                    "value019": "16",
                    "value019a": "0",
                    "value020": "http://desp.ucdavis.edu",
                    "value022": "",
                    "value023a": "0xe7cd6c",
                    "value023b": "0xffffff",
                    "value024a": "0.40",
                    "value024b": "0.00",
                    "value025a": "false",
                    "value025b": "false"
                },
                {
                    "value013": "hot",
                    "value013a": "wl",
                    "value014": "5",
                    "value016": "75",
                    "value017": "1367",
                    "value018": "121",
                    "value019": "16",
                    "value019a": "0",
                    "value020": "http://lawr.ucdavis.edu",
                    "value022": "",
                    "value023a": "0xe7cd6c",
                    "value023b": "0xffffff",
                    "value024a": "0.40",
                    "value024b": "0.00",
                    "value025a": "false",
                    "value025b": "false"
                },
                {
                    "value013": "hot",
                    "value013a": "pho",
                    "value014": "5",
                    "value016": "74",
                    "value017": "1245",
                    "value018": "104",
                    "value019": "15",
                    "value019a": "0",
                    "value020": "+1530-752-7183",
                    "value020a": "+1US",
                    "value022": "",
                    "value023a": "0xe7cd6c",
                    "value023b": "0xffffff",
                    "value024a": "0.40",
                    "value024b": "0.00",
                    "value025a": "false",
                    "value025b": "false"
                },
                {
                    "value013": "hot",
                    "value013a": "pho",
                    "value014": "5",
                    "value016": "74",
                    "value017": "1346",
                    "value018": "103",
                    "value019": "15",
                    "value019a": "0",
                    "value020": "+1530-752-1603",
                    "value020a": "+1US",
                    "value022": "",
                    "value023a": "0xe7cd6c",
                    "value023b": "0xffffff",
                    "value024a": "0.40",
                    "value024b": "0.00",
                    "value025a": "false",
                    "value025b": "false"
                },
                {
                    "value013": "hot",
                    "value013a": "pho",
                    "value014": "5",
                    "value016": "362",
                    "value017": "1120",
                    "value018": "105",
                    "value019": "18",
                    "value019a": "0",
                    "value020": "+1530-752-1042",
                    "value020a": "+1US",
                    "value022": "",
                    "value023a": "0xe7cd6c",
                    "value023b": "0xffffff",
                    "value024a": "0.40",
                    "value024b": "0.00",
                    "value025a": "false",
                    "value025b": "false"
                },
                {
                    "value013": "hot",
                    "value013a": "pho",
                    "value014": "5",
                    "value016": "650",
                    "value017": "1090",
                    "value018": "109",
                    "value019": "16",
                    "value019a": "0",
                    "value020": "+1530-752-3250",
                    "value020a": "+1US",
                    "value022": "",
                    "value023a": "0xe7cd6c",
                    "value023b": "0xffffff",
                    "value024a": "0.40",
                    "value024b": "0.00",
                    "value025a": "false",
                    "value025b": "false"
                },
                {
                    "value013": "hot",
                    "value013a": "pho",
                    "value014": "5",
                    "value016": "936",
                    "value017": "961",
                    "value018": "104",
                    "value019": "16",
                    "value019a": "0",
                    "value020": "+1530-754-4131",
                    "value020a": "+1US",
                    "value022": "",
                    "value023a": "0xe7cd6c",
                    "value023b": "0xffffff",
                    "value024a": "0.40",
                    "value024b": "0.00",
                    "value025a": "false",
                    "value025b": "false"
                },
                {
                    "value013": "hot",
                    "value013a": "pvl",
                    "value014": "5",
                    "value016": "76",
                    "value017": "1408",
                    "value018": "94",
                    "value019": "94",
                    "value019a": "0",
                    "value020": "a33b4fC1n9o",
                    "value020b": "",
                    "value020d": "youtube",
                    "value022": "",
                    "value022a": "",
                    "value023a": "0xe7cd6c",
                    "value023b": "0xffffff",
                    "value024a": "0.40",
                    "value024b": "0.00",
                    "value025a": "false",
                    "value025b": "false",
                    "value028": "640",
                    "value029": "480"
                },
                {
                    "value013": "hot",
                    "value013a": "pvl",
                    "value014": "5",
                    "value016": "648",
                    "value017": "1177",
                    "value018": "116",
                    "value019": "116",
                    "value019a": "0",
                    "value020": "NhQahfFPUHk",
                    "value020b": "",
                    "value020d": "youtube",
                    "value022": "",
                    "value022a": "",
                    "value023a": "0xe7cd6c",
                    "value023b": "0xffffff",
                    "value024a": "0.40",
                    "value024b": "0.00",
                    "value025a": "false",
                    "value025b": "false",
                    "value028": "640",
                    "value029": "480"
                },
                {
                    "value013": "hot",
                    "value013a": "wl",
                    "value014": "6",
                    "value016": "75",
                    "value017": "937",
                    "value018": "118",
                    "value019": "16",
                    "value019a": "0",
                    "value020": "http://hcd.ucdavis.edu",
                    "value022": "",
                    "value023a": "0xe7cd6c",
                    "value023b": "0xffffff",
                    "value024a": "0.40",
                    "value024b": "0.00",
                    "value025a": "false",
                    "value025b": "false"
                },
                {
                    "value013": "hot",
                    "value013a": "em",
                    "value014": "6",
                    "value016": "355",
                    "value017": "956",
                    "value018": "191",
                    "value019": "17",
                    "value019a": "0",
                    "value020": "lawradvising@ucdavis.edu",
                    "value022": "",
                    "value023a": "0xe7cd6c",
                    "value023b": "0xffffff",
                    "value024a": "0.40",
                    "value024b": "0.00",
                    "value025a": "false",
                    "value025b": "false"
                },
                {
                    "value013": "hot",
                    "value013a": "wl",
                    "value014": "6",
                    "value016": "355",
                    "value017": "977",
                    "value018": "121",
                    "value019": "16",
                    "value019a": "0",
                    "value020": "http://lawr.ucdavis.edu",
                    "value022": "",
                    "value023a": "0xe7cd6c",
                    "value023b": "0xffffff",
                    "value024a": "0.40",
                    "value024b": "0.00",
                    "value025a": "false",
                    "value025b": "false"
                },
                {
                    "value013": "hot",
                    "value013a": "wl",
                    "value014": "6",
                    "value016": "916",
                    "value017": "1053",
                    "value018": "231",
                    "value019": "36",
                    "value019a": "0",
                    "value020": "http://humanecology.ucdavis.edu/\rlandscape-architecture-major",
                    "value022": "",
                    "value023a": "0xe7cd6c",
                    "value023b": "0xffffff",
                    "value024a": "0.40",
                    "value024b": "0.00",
                    "value025a": "false",
                    "value025b": "false"
                },
                {
                    "value013": "hot",
                    "value013a": "wl",
                    "value014": "6",
                    "value016": "636",
                    "value017": "1214",
                    "value018": "192",
                    "value019": "16",
                    "value019a": "0",
                    "value020": "http://plantsciences.ucdavis.edu",
                    "value022": "",
                    "value023a": "0xe7cd6c",
                    "value023b": "0xffffff",
                    "value024a": "0.40",
                    "value024b": "0.00",
                    "value025a": "false",
                    "value025b": "false"
                },
                {
                    "value013": "hot",
                    "value013a": "pho",
                    "value014": "6",
                    "value016": "73",
                    "value017": "916",
                    "value018": "109",
                    "value019": "14",
                    "value019a": "0",
                    "value020": "+1530-752-2244",
                    "value020a": "+1US",
                    "value022": "",
                    "value023a": "0xe7cd6c",
                    "value023b": "0xffffff",
                    "value024a": "0.40",
                    "value024b": "0.00",
                    "value025a": "false",
                    "value025b": "false"
                },
                {
                    "value013": "hot",
                    "value013a": "pho",
                    "value014": "6",
                    "value016": "353",
                    "value017": "934",
                    "value018": "106",
                    "value019": "15",
                    "value019a": "0",
                    "value020": "+1530-752-1603",
                    "value020a": "+1US",
                    "value022": "",
                    "value023a": "0xe7cd6c",
                    "value023b": "0xffffff",
                    "value024a": "0.40",
                    "value024b": "0.00",
                    "value025a": "false",
                    "value025b": "false"
                },
                {
                    "value013": "hot",
                    "value013a": "pho",
                    "value014": "6",
                    "value016": "637",
                    "value017": "1194",
                    "value018": "109",
                    "value019": "13",
                    "value019a": "0",
                    "value020": "+1530-752-4839",
                    "value020a": "+1US",
                    "value022": "",
                    "value023a": "0xe7cd6c",
                    "value023b": "0xffffff",
                    "value024a": "0.40",
                    "value024b": "0.00",
                    "value025a": "false",
                    "value025b": "false"
                },
                {
                    "value013": "hot",
                    "value013a": "pho",
                    "value014": "6",
                    "value016": "914",
                    "value017": "1034",
                    "value018": "107",
                    "value019": "14",
                    "value019a": "0",
                    "value020": "+1530-754-8628",
                    "value020a": "+1US",
                    "value022": "",
                    "value023a": "0xe7cd6c",
                    "value023b": "0xffffff",
                    "value024a": "0.40",
                    "value024b": "0.00",
                    "value025a": "false",
                    "value025b": "false"
                },
                {
                    "value013": "hot",
                    "value013a": "pvl",
                    "value014": "6",
                    "value016": "639",
                    "value017": "1253",
                    "value018": "100",
                    "value019": "100",
                    "value019a": "0",
                    "value020": "hPdYpPFbzTA",
                    "value020b": "",
                    "value020d": "youtube",
                    "value022": "",
                    "value022a": "",
                    "value023a": "0xe7cd6c",
                    "value023b": "0xffffff",
                    "value024a": "0.40",
                    "value024b": "0.00",
                    "value025a": "false",
                    "value025b": "false",
                    "value028": "640",
                    "value029": "480"
                },
                {
                    "value013": "hot",
                    "value013a": "pvl",
                    "value014": "6",
                    "value016": "915",
                    "value017": "1109",
                    "value018": "114",
                    "value019": "114",
                    "value019a": "0",
                    "value020": "CfppB4YzsxI",
                    "value020b": "",
                    "value020d": "youtube",
                    "value022": "",
                    "value022a": "",
                    "value023a": "0xe7cd6c",
                    "value023b": "0xffffff",
                    "value024a": "0.40",
                    "value024b": "0.00",
                    "value025a": "false",
                    "value025b": "false",
                    "value028": "640",
                    "value029": "480"
                },
                {
                    "value013": "hot",
                    "value013a": "em",
                    "value014": "7",
                    "value016": "356",
                    "value017": "1038",
                    "value018": "195",
                    "value019": "17",
                    "value019a": "0",
                    "value020": "mcs-advisers@ucdavis.edu",
                    "value022": "",
                    "value023a": "0xe7cd6c",
                    "value023b": "0xffffff",
                    "value024a": "0.40",
                    "value024b": "0.00",
                    "value025a": "false",
                    "value025b": "false"
                },
                {
                    "value013": "hot",
                    "value013a": "em",
                    "value014": "7",
                    "value016": "638",
                    "value017": "1038",
                    "value018": "220",
                    "value019": "17",
                    "value019a": "0",
                    "value020": "nutritionadvising@ucdavis.edu",
                    "value022": "",
                    "value023a": "0xe7cd6c",
                    "value023b": "0xffffff",
                    "value024a": "0.40",
                    "value024b": "0.00",
                    "value025a": "false",
                    "value025b": "false"
                },
                {
                    "value013": "hot",
                    "value013a": "wl",
                    "value014": "7",
                    "value016": "356",
                    "value017": "1058",
                    "value018": "208",
                    "value019": "33",
                    "value019a": "0",
                    "value020": "http://marinescience.ucdavis.edu/\rprograms/mcsci",
                    "value022": "",
                    "value023a": "0xe7cd6c",
                    "value023b": "0xffffff",
                    "value024a": "0.40",
                    "value024b": "0.00",
                    "value025a": "false",
                    "value025b": "false"
                },
                {
                    "value013": "hot",
                    "value013a": "wl",
                    "value014": "7",
                    "value016": "638",
                    "value017": "1058",
                    "value018": "151",
                    "value019": "16",
                    "value019a": "0",
                    "value020": "http://nutrition.ucdavis.edu",
                    "value022": "",
                    "value023a": "0xe7cd6c",
                    "value023b": "0xffffff",
                    "value024a": "0.40",
                    "value024b": "0.00",
                    "value025a": "false",
                    "value025b": "false"
                },
                {
                    "value013": "hot",
                    "value013a": "wl",
                    "value014": "7",
                    "value016": "920",
                    "value017": "1131",
                    "value018": "192",
                    "value019": "16",
                    "value019a": "0",
                    "value020": "http://plantsciences.ucdavis.edu",
                    "value022": "",
                    "value023a": "0xe7cd6c",
                    "value023b": "0xffffff",
                    "value024a": "0.40",
                    "value024b": "0.00",
                    "value025a": "false",
                    "value025b": "false"
                },
                {
                    "value013": "hot",
                    "value013a": "em",
                    "value014": "7",
                    "value016": "74",
                    "value017": "1190",
                    "value018": "216",
                    "value019": "17",
                    "value019a": "0",
                    "value020": "manecon@primal.ucdavis.edu",
                    "value022": "",
                    "value023a": "0xe7cd6c",
                    "value023b": "0xffffff",
                    "value024a": "0.40",
                    "value024b": "0.00",
                    "value025a": "false",
                    "value025b": "false"
                },
                {
                    "value013": "hot",
                    "value013a": "wl",
                    "value014": "7",
                    "value016": "74",
                    "value017": "1211",
                    "value018": "160",
                    "value019": "16",
                    "value019a": "0",
                    "value020": "http://manecon.ucdavis.edu",
                    "value022": "",
                    "value023a": "0xe7cd6c",
                    "value023b": "0xffffff",
                    "value024a": "0.40",
                    "value024b": "0.00",
                    "value025a": "false",
                    "value025b": "false"
                },
                {
                    "value013": "hot",
                    "value013a": "pho",
                    "value014": "7",
                    "value016": "73",
                    "value017": "1169",
                    "value018": "107",
                    "value019": "13",
                    "value019a": "0",
                    "value020": "+1530-754-9536",
                    "value020a": "+1US",
                    "value022": "",
                    "value023a": "0xe7cd6c",
                    "value023b": "0xffffff",
                    "value024a": "0.40",
                    "value024b": "0.00",
                    "value025a": "false",
                    "value025b": "false"
                },
                {
                    "value013": "hot",
                    "value013a": "pho",
                    "value014": "7",
                    "value016": "356",
                    "value017": "1019",
                    "value018": "108",
                    "value019": "12",
                    "value019a": "0",
                    "value020": "+1530-752-9100",
                    "value020a": "+1US",
                    "value022": "",
                    "value023a": "0xe7cd6c",
                    "value023b": "0xffffff",
                    "value024a": "0.40",
                    "value024b": "0.00",
                    "value025a": "false",
                    "value025b": "false"
                },
                {
                    "value013": "hot",
                    "value013a": "pho",
                    "value014": "7",
                    "value016": "635",
                    "value017": "997",
                    "value018": "108",
                    "value019": "16",
                    "value019a": "0",
                    "value020": "+1530-752-2512",
                    "value020a": "+1US",
                    "value022": "",
                    "value023a": "0xe7cd6c",
                    "value023b": "0xffffff",
                    "value024a": "0.40",
                    "value024b": "0.00",
                    "value025a": "false",
                    "value025b": "false"
                },
                {
                    "value013": "hot",
                    "value013a": "pho",
                    "value014": "7",
                    "value016": "637",
                    "value017": "1019",
                    "value018": "106",
                    "value019": "12",
                    "value019a": "0",
                    "value020": "+1530-752-7094",
                    "value020a": "+1US",
                    "value022": "",
                    "value023a": "0xe7cd6c",
                    "value023b": "0xffffff",
                    "value024a": "0.40",
                    "value024b": "0.00",
                    "value025a": "false",
                    "value025b": "false"
                },
                {
                    "value013": "hot",
                    "value013a": "pho",
                    "value014": "7",
                    "value016": "921",
                    "value017": "1106",
                    "value018": "100",
                    "value019": "18",
                    "value019a": "0",
                    "value020": "+1530-752-1715",
                    "value020a": "+1US",
                    "value022": "",
                    "value023a": "0xe7cd6c",
                    "value023b": "0xffffff",
                    "value024a": "0.40",
                    "value024b": "0.00",
                    "value025a": "false",
                    "value025b": "false"
                },
                {
                    "value013": "hot",
                    "value013a": "em",
                    "value014": "8",
                    "value016": "650",
                    "value017": "975",
                    "value018": "188",
                    "value019": "17",
                    "value019a": "0",
                    "value020": "bftvadvising@ucdavis.edu",
                    "value022": "",
                    "value023a": "0xe7cd6c",
                    "value023b": "0xffffff",
                    "value024a": "0.40",
                    "value024b": "0.00",
                    "value025a": "false",
                    "value025b": "false"
                },
                {
                    "value013": "hot",
                    "value013a": "wl",
                    "value014": "8",
                    "value016": "650",
                    "value017": "995",
                    "value018": "170",
                    "value019": "16",
                    "value019a": "0",
                    "value020": "http://wineserver.ucdavis.edu",
                    "value022": "",
                    "value023a": "0xe7cd6c",
                    "value023b": "0xffffff",
                    "value024a": "0.40",
                    "value024b": "0.00",
                    "value025a": "false",
                    "value025b": "false"
                },
                {
                    "value013": "hot",
                    "value013a": "wl",
                    "value014": "8",
                    "value016": "75",
                    "value017": "1107",
                    "value018": "223",
                    "value019": "16",
                    "value019a": "0",
                    "value020": "http://asi.ucdavis.edu/programs/safs",
                    "value022": "",
                    "value023a": "0xe7cd6c",
                    "value023b": "0xffffff",
                    "value024a": "0.40",
                    "value024b": "0.00",
                    "value025a": "false",
                    "value025b": "false"
                },
                {
                    "value013": "hot",
                    "value013a": "wl",
                    "value014": "8",
                    "value016": "362",
                    "value017": "1119",
                    "value018": "118",
                    "value019": "16",
                    "value019a": "0",
                    "value020": "http://sed.ucdavis.edu",
                    "value022": "",
                    "value023a": "0xe7cd6c",
                    "value023b": "0xffffff",
                    "value024a": "0.40",
                    "value024b": "0.00",
                    "value025a": "false",
                    "value025b": "false"
                },
                {
                    "value013": "hot",
                    "value013a": "em",
                    "value014": "8",
                    "value016": "937",
                    "value017": "1153",
                    "value018": "197",
                    "value019": "16",
                    "value019a": "0",
                    "value020": "wfcbadvising@ucdavis.edu",
                    "value022": "",
                    "value023a": "0xe7cd6c",
                    "value023b": "0xffffff",
                    "value024a": "0.40",
                    "value024b": "0.00",
                    "value025a": "false",
                    "value025b": "false"
                },
                {
                    "value013": "hot",
                    "value013a": "wl",
                    "value014": "8",
                    "value016": "937",
                    "value017": "1173",
                    "value018": "126",
                    "value019": "16",
                    "value019a": "0",
                    "value020": "http://wfcb.ucdavis.edu",
                    "value022": "",
                    "value023a": "0xe7cd6c",
                    "value023b": "0xffffff",
                    "value024a": "0.40",
                    "value024b": "0.00",
                    "value025a": "false",
                    "value025b": "false"
                },
                {
                    "value013": "hot",
                    "value013a": "pho",
                    "value014": "8",
                    "value016": "73",
                    "value017": "1086",
                    "value018": "105",
                    "value019": "15",
                    "value019a": "0",
                    "value020": "+1530-752-1602",
                    "value020a": "+1US",
                    "value022": "",
                    "value023a": "0xe7cd6c",
                    "value023b": "0xffffff",
                    "value024a": "0.40",
                    "value024b": "0.00",
                    "value025a": "false",
                    "value025b": "false"
                },
                {
                    "value013": "hot",
                    "value013a": "pho",
                    "value014": "8",
                    "value016": "362",
                    "value017": "1096",
                    "value018": "109",
                    "value019": "17",
                    "value019a": "0",
                    "value020": "+1530-754-8628",
                    "value020a": "+1US",
                    "value022": "",
                    "value023a": "0xe7cd6c",
                    "value023b": "0xffffff",
                    "value024a": "0.40",
                    "value024b": "0.00",
                    "value025a": "false",
                    "value025b": "false"
                },
                {
                    "value013": "hot",
                    "value013a": "pho",
                    "value014": "8",
                    "value016": "649",
                    "value017": "953",
                    "value018": "110",
                    "value019": "14",
                    "value019a": "0",
                    "value020": "+1530-752-3250",
                    "value020a": "+1US",
                    "value022": "",
                    "value023a": "0xe7cd6c",
                    "value023b": "0xffffff",
                    "value024a": "0.40",
                    "value024b": "0.00",
                    "value025a": "false",
                    "value025b": "false"
                },
                {
                    "value013": "hot",
                    "value013a": "pho",
                    "value014": "8",
                    "value016": "939",
                    "value017": "1134",
                    "value018": "109",
                    "value019": "12",
                    "value019a": "0",
                    "value020": "+1530-754-9796",
                    "value020a": "+1US",
                    "value022": "",
                    "value023a": "0xe7cd6c",
                    "value023b": "0xffffff",
                    "value024a": "0.40",
                    "value024b": "0.00",
                    "value025a": "false",
                    "value025b": "false"
                },
                {
                    "value013": "hot",
                    "value013a": "pvl",
                    "value014": "8",
                    "value016": "70",
                    "value017": "1138",
                    "value018": "113",
                    "value019": "113",
                    "value019a": "0",
                    "value020": "adRjyC8JFMo",
                    "value020b": "",
                    "value020d": "youtube",
                    "value022": "",
                    "value022a": "",
                    "value023a": "0xe7cd6c",
                    "value023b": "0xffffff",
                    "value024a": "0.40",
                    "value024b": "0.00",
                    "value025a": "false",
                    "value025b": "false",
                    "value028": "640",
                    "value029": "480"
                },
                {
                    "value013": "hot",
                    "value013a": "pvl",
                    "value014": "8",
                    "value016": "932",
                    "value017": "1202",
                    "value018": "111",
                    "value019": "111",
                    "value019a": "0",
                    "value020": "I_lAZOk1WM0",
                    "value020b": "",
                    "value020d": "youtube",
                    "value022": "",
                    "value022a": "",
                    "value023a": "0xe7cd6c",
                    "value023b": "0xffffff",
                    "value024a": "0.40",
                    "value024b": "0.00",
                    "value025a": "false",
                    "value025b": "false",
                    "value028": "640",
                    "value029": "480"
                },
                {
                    "value013": "hot",
                    "value013a": "wl",
                    "value014": "9",
                    "value016": "417",
                    "value017": "226",
                    "value018": "376",
                    "value019": "21",
                    "value019a": "0",
                    "value020": "http://ucdavis.edu/admissions/undergraduate",
                    "value022": "",
                    "value023a": "0xe7cd6c",
                    "value023b": "0xffffff",
                    "value024a": "0.40",
                    "value024b": "0.00",
                    "value025a": "false",
                    "value025b": "false"
                },
                {
                    "value013": "hot",
                    "value013a": "wl",
                    "value014": "9",
                    "value016": "826",
                    "value017": "226",
                    "value018": "293",
                    "value019": "21",
                    "value019a": "0",
                    "value020": "http://caes.ucdavis.edu/students/cdg",
                    "value022": "",
                    "value023a": "0xe7cd6c",
                    "value023b": "0xffffff",
                    "value024a": "0.40",
                    "value024b": "0.00",
                    "value025a": "false",
                    "value025b": "false"
                },
                {
                    "value013": "hot",
                    "value013a": "wl",
                    "value014": "9",
                    "value016": "417",
                    "value017": "396",
                    "value018": "387",
                    "value019": "49",
                    "value019a": "0",
                    "value020": "http://ucdavis.edu/admissions/undergraduate/apply",
                    "value022": "",
                    "value023a": "0xe7cd6c",
                    "value023b": "0xffffff",
                    "value024a": "0.40",
                    "value024b": "0.00",
                    "value025a": "false",
                    "value025b": "false"
                },
                {
                    "value013": "hot",
                    "value013a": "wl",
                    "value014": "9",
                    "value016": "826",
                    "value017": "445",
                    "value018": "270",
                    "value019": "46",
                    "value019a": "0",
                    "value020": "https://caes.ucdavis.edu/students/aggie-jumpstart",
                    "value022": "",
                    "value023a": "0xe7cd6c",
                    "value023b": "0xffffff",
                    "value024a": "0.40",
                    "value024b": "0.00",
                    "value025a": "false",
                    "value025b": "false"
                },
                {
                    "value013": "hot",
                    "value013a": "wl",
                    "value014": "9",
                    "value016": "417",
                    "value017": "571",
                    "value018": "230",
                    "value019": "21",
                    "value019a": "0",
                    "value020": "http://financialaid.ucdavis.edu",
                    "value022": "",
                    "value023a": "0xe7cd6c",
                    "value023b": "0xffffff",
                    "value024a": "0.40",
                    "value024b": "0.00",
                    "value025a": "false",
                    "value025b": "false"
                },
                {
                    "value013": "hot",
                    "value013a": "em",
                    "value014": "9",
                    "value016": "75",
                    "value017": "709",
                    "value018": "195",
                    "value019": "17",
                    "value019a": "0",
                    "value020": "caesadvising@ucdavis.edu",
                    "value022": "",
                    "value023a": "0xe7cd6c",
                    "value023b": "0xffffff",
                    "value024a": "0.40",
                    "value024b": "0.00",
                    "value025a": "false",
                    "value025b": "false"
                },
                {
                    "value013": "hot",
                    "value013a": "wl",
                    "value014": "9",
                    "value016": "75",
                    "value017": "730",
                    "value018": "126",
                    "value019": "16",
                    "value019a": "0",
                    "value020": "http://caes.ucdavis.edu",
                    "value022": "",
                    "value023a": "0xe7cd6c",
                    "value023b": "0xffffff",
                    "value024a": "0.40",
                    "value024b": "0.00",
                    "value025a": "false",
                    "value025b": "false"
                },
                {
                    "value013": "hot",
                    "value013a": "wl",
                    "value014": "9",
                    "value016": "417",
                    "value017": "769",
                    "value018": "251",
                    "value019": "21",
                    "value019a": "0",
                    "value020": "http://caes.ucdavis.edu/students",
                    "value022": "",
                    "value023a": "0xe7cd6c",
                    "value023b": "0xffffff",
                    "value024a": "0.40",
                    "value024b": "0.00",
                    "value025a": "false",
                    "value025b": "false"
                },
                {
                    "value013": "hot",
                    "value013a": "wl",
                    "value014": "9",
                    "value016": "417",
                    "value017": "1125",
                    "value018": "145",
                    "value019": "21",
                    "value019a": "0",
                    "value020": "http://icc.ucdavis.edu",
                    "value022": "",
                    "value023a": "0xe7cd6c",
                    "value023b": "0xffffff",
                    "value024a": "0.40",
                    "value024b": "0.00",
                    "value025a": "false",
                    "value025b": "false"
                },
                {
                    "value013": "hot",
                    "value013a": "wl",
                    "value014": "10",
                    "value016": "94",
                    "value017": "727",
                    "value018": "83",
                    "value019": "19",
                    "value019a": "0",
                    "value020": "http://assist.org",
                    "value022": "",
                    "value023a": "0xe7cd6c",
                    "value023b": "0xffffff",
                    "value024a": "0.40",
                    "value024b": "0.00",
                    "value025a": "false",
                    "value025b": "false"
                },
                {
                    "value013": "hot",
                    "value013a": "wl",
                    "value014": "10",
                    "value016": "60",
                    "value017": "1117",
                    "value018": "171",
                    "value019": "19",
                    "value019a": "0",
                    "value020": "http://catalog.ucdavis.edu",
                    "value022": "",
                    "value023a": "0xe7cd6c",
                    "value023b": "0xffffff",
                    "value024a": "0.40",
                    "value024b": "0.00",
                    "value025a": "false",
                    "value025b": "false"
                },
                {
                    "value013": "hot",
                    "value013a": "wl",
                    "value014": "11",
                    "value016": "1055",
                    "value017": "1509",
                    "value018": "141",
                    "value019": "16",
                    "value019a": "0",
                    "value020": "http://catalog.ucdavis.edu",
                    "value022": "",
                    "value023a": "0xe7cd6c",
                    "value023b": "0xffffff",
                    "value024a": "0.40",
                    "value024b": "0.00",
                    "value025a": "false",
                    "value025b": "false"
                },
                {
                    "value013": "hot",
                    "value013a": "wl",
                    "value014": "12",
                    "value016": "504",
                    "value017": "1236",
                    "value018": "183",
                    "value019": "21",
                    "value019a": "0",
                    "value020": "http://mobile.ucdavis.edu",
                    "value022": "",
                    "value023a": "0xe7cd6c",
                    "value023b": "0xffffff",
                    "value024a": "0.40",
                    "value024b": "0.00",
                    "value025a": "false",
                    "value025b": "false"
                },
                {
                    "value013": "hot",
                    "value013a": "wl",
                    "value014": "12",
                    "value016": "64",
                    "value017": "1295",
                    "value018": "377",
                    "value019": "23",
                    "value019a": "0",
                    "value020": "http://caes.ucdavis.edu/news/social-media",
                    "value022": "",
                    "value023a": "0xe7cd6c",
                    "value023b": "0xffffff",
                    "value024a": "0.40",
                    "value024b": "0.00",
                    "value025a": "false",
                    "value025b": "false"
                },
                {
                    "value013": "hot",
                    "value013a": "wl",
                    "value014": "12",
                    "value016": "504",
                    "value017": "1311",
                    "value018": "233",
                    "value019": "21",
                    "value019a": "0",
                    "value020": "http://visit.ucdavis.edu/tourreg",
                    "value022": "",
                    "value023a": "0xe7cd6c",
                    "value023b": "0xffffff",
                    "value024a": "0.40",
                    "value024b": "0.00",
                    "value025a": "false",
                    "value025b": "false"
                },
                {
                    "value013": "hot",
                    "value013a": "wl",
                    "value014": "12",
                    "value016": "903",
                    "value017": "1430",
                    "value018": "140",
                    "value019": "18",
                    "value019a": "0",
                    "value020": "http://caes.ucdavis.edu",
                    "value022": "",
                    "value023a": "0xe7cd6c",
                    "value023b": "0xffffff",
                    "value024a": "0.40",
                    "value024b": "0.00",
                    "value025a": "false",
                    "value025b": "false"
                },
                {
                    "value013": "hot",
                    "value013a": "wl",
                    "value014": "12",
                    "value016": "504",
                    "value017": "1441",
                    "value018": "225",
                    "value019": "21",
                    "value019a": "0",
                    "value020": "http://ucdavis.edu/virtual-tour",
                    "value022": "",
                    "value023a": "0xe7cd6c",
                    "value023b": "0xffffff",
                    "value024a": "0.40",
                    "value024b": "0.00",
                    "value025a": "false",
                    "value025b": "false"
                },
                {
                    "value013": "hot",
                    "value013a": "wl",
                    "value014": "12",
                    "value016": "504",
                    "value017": "1518",
                    "value018": "163",
                    "value019": "21",
                    "value019a": "0",
                    "value020": "http://caes.ucdavis.edu",
                    "value022": "",
                    "value023a": "0xe7cd6c",
                    "value023b": "0xffffff",
                    "value024a": "0.40",
                    "value024b": "0.00",
                    "value025a": "false",
                    "value025b": "false"
                },
                {
                    "value013": "hot",
                    "value013a": "pho",
                    "value014": "12",
                    "value016": "900",
                    "value017": "1404",
                    "value018": "128",
                    "value019": "24",
                    "value019a": "0",
                    "value020": "+1530-752-0108",
                    "value020a": "+1US",
                    "value022": "",
                    "value023a": "0xe7cd6c",
                    "value023b": "0xffffff",
                    "value024a": "0.40",
                    "value024b": "0.00",
                    "value025a": "false",
                    "value025b": "false"
                }
            ]
        },
        "value002": {
            "flag": "us",
            "lang": "English U.S.",
            "value600": {
                "data": "Contents"
            },
            "value601": {
                "data": "Print"
            },
            "value602": {
                "data": "Download"
            },
            "value603": {
                "data": "Search"
            },
            "value604": {
                "data": "Share"
            },
            "value605": {
                "data": "Settings"
            },
            "value606": {
                "data": "Thumbnails"
            },
            "value607": {
                "data": "Archive"
            },
            "value608": {
                "data": "Help"
            },
            "value609": {
                "data": "Exit"
            },
            "value610": {
                "data": "Email:"
            },
            "value611": {
                "data": "Web:"
            },
            "value612": {
                "data": "Jump to page:"
            },
            "value613": {
                "data": "Download file"
            },
            "value614": {
                "data": "Audio clip"
            },
            "value615": {
                "data": "Play flash file"
            },
            "value616": {
                "data": "Play video clip"
            },
            "value617": {
                "data": "Leave comment"
            },
            "value619": {
                "data": "Ready"
            },
            "value620": {
                "data": "Complete"
            },
            "value621": {
                "data": "Seeking"
            },
            "value622": {
                "data": "Email"
            },
            "value623": {
                "data": "Your name"
            },
            "value624": {
                "data": "Your email Address"
            },
            "value625": {
                "data": "Your friend's Name"
            },
            "value626": {
                "data": "Your friend's email address"
            },
            "value627": {
                "data": "Click here to add message"
            },
            "value628": {
                "data": "Submit"
            },
            "value629": {
                "data": "Reset"
            },
            "value630": {
                "data": "Comment"
            },
            "value632": {
                "data": "Enter your name"
            },
            "value633": {
                "data": "Your email is not valid"
            },
            "value634": {
                "data": "Enter your friend's name"
            },
            "value635": {
                "data": "Your friends email is not valid"
            },
            "value636": {
                "data": "Submit Error!"
            },
            "value637": {
                "data": "Please wait while sending your message"
            },
            "value638": {
                "data": "Error occur while sending your message"
            },
            "value640": {
                "data": "Your message is successfully sent!"
            },
            "value641": {
                "data": "Search"
            },
            "value642": {
                "data": "matches found"
            },
            "value643": {
                "data": "No matches found"
            },
            "value644": {
                "data": "Page"
            },
            "value645": {
                "data": "Print"
            },
            "value646": {
                "data": "Print Current"
            },
            "value647": {
                "data": "Print Selected"
            },
            "value648": {
                "data": "printing pages"
            },
            "value650": {
                "data": "Zoom to double page"
            },
            "value651": {
                "data": "Zoom to single page"
            },
            "value652": {
                "data": "When zoomed in, navigate by moving the mouse"
            },
            "value653": {
                "data": "When zoomed in, navigate by clicking and dragging the pages"
            },
            "value654": {
                "data": "Zoom to"
            },
            "value655": {
                "data": "browser width"
            },
            "value656": {
                "data": "Custom Zoom"
            },
            "value657": {
                "data": "Fullscreen"
            },
            "value658": {
                "data": "Bookmarks"
            },
            "value659": {
                "data": "Notes"
            },
            "value660": {
                "data": "View note"
            },
            "value661": {
                "data": "Note"
            },
            "value662": {
                "data": "Yes"
            },
            "value663": {
                "data": "No"
            },
            "value664": {
                "data": "New"
            },
            "value665": {
                "data": "Delete"
            },
            "value666": {
                "data": "Page"
            },
            "value667": {
                "data": "Add"
            },
            "value668": {
                "data": "Cancel"
            },
            "value669": {
                "data": "Are you sure you want to delete these notes?"
            },
            "value670": {
                "data": "New note"
            },
            "value671": {
                "data": "Bookmark"
            },
            "value672": {
                "data": "Are you sure you want to delete these bookmarks?"
            },
            "value673": {
                "data": "New bookmark"
            },
            "value674": {
                "data": "Share via"
            },
            "value675": {
                "data": "Yourself"
            },
            "value676": {
                "data": "Friend"
            },
            "value677": {
                "data": "Download the offline version?"
            },
            "value678": {
                "data": "Slide"
            },
            "value679": {
                "data": "Flip"
            },
            "value680": {
                "data": "Pause"
            },
            "value681": {
                "data": "Play"
            },
            "value682": {
                "data": "Volume"
            },
            "value683": {
                "data": "Click to play"
            },
            "value684": {
                "data": "Clear Results"
            },
            "value685": {
                "data": "Are you sure you want to close the digital magazine?"
            },
            "value686": {
                "data": "Alert"
            },
            "value687": {
                "data": "File"
            },
            "value688": {
                "data": "could not be found."
            },
            "value689": {
                "data": "Ok"
            },
            "value690": {
                "data": "Warning"
            },
            "value691": {
                "data": "Text cannot be entered in fullscreen mode. Would you like to exit fullscreen mode?"
            },
            "value692": {
                "data": "Click and drag note to its location."
            },
            "value693": {
                "data": "Paragraph"
            },
            "value694": {
                "data": "About Us"
            },
            "value695": {
                "data": "3DIssue was designed to ensure that publishers would be able to convert their PDFs to flash magazines without the need of hiring specialist services."
            },
            "value696": {
                "data": "This feature is not available in fullscreen mode. Would you like to exit fullscreen mode?"
            },
            "value697": {
                "data": "Save login details"
            },
            "value731": {
                "data": "This feature is not available in Preview mode"
            },
            "value732": {
                "data": "No page(s) selected to print."
            },
            "value733": {
                "data": "You must select at least one of the options to email 'yourself' or a 'friend'."
            },
            "value734": {
                "data": "Some information is missing. Please fill in all fields before clicking submit."
            },
            "value735": {
                "data": "Enter the details of your new bookmark below:"
            },
            "value736": {
                "data": "No bookmark(s) selected. Please select at least one bookmark before proceeding."
            },
            "value737": {
                "data": "Reached quota limit for bookmark storage. Cannot add any more bookmarks."
            },
            "value741": {
                "data": "Page Transition"
            },
            "value742": {
                "data": "Information"
            },
            "value743": {
                "data": "Presentation"
            },
            "value744": {
                "data": "selected"
            },
            "value745": {
                "data": "Bookmark Current Page"
            },
            "value746": {
                "data": "This page is already bookmarked"
            },
            "value747": {
                "data": "of"
            },
            "value748": {
                "data": "Add note"
            },
            "value750": {
                "data": "NEXT PAGE"
            },
            "value751": {
                "data": "PREVIOUS PAGE"
            },
            "value752": {
                "data": "Click anywhere on a page to zoom."
            },
            "value753": {
                "data": "Click on"
            },
            "value754": {
                "data": "Buttons"
            },
            "value755": {
                "data": "Hotspots"
            },
            "value756": {
                "data": "for interactive features"
            },
            "value757": {
                "data": "and"
            },
            "value758": {
                "data": "(Click anywhere to close overlay)"
            },
            "value759": {
                "data": "Click and drag a corner to turn a page"
            },
            "value760": {
                "data": "Click and drag to turn page"
            },
            "value761": {
                "data": "PAGE THUMBNAILS"
            },
            "value762": {
                "data": "PAGE BUTTONS"
            },
            "value763": {
                "data": "Click on a thumbnail to jump to that page"
            },
            "value764": {
                "data": "Enter page number to jump to that page or click on navigation buttons"
            },
            "value765": {
                "data": "Would you like to view this in the"
            },
            "value766": {
                "data": "Select All"
            },
            "value767": {
                "data": "Select None"
            },
            "value768": {
                "data": "This feature is not available on 3D Issue's trial hosting. To see this feature in action, please upload to your own domain."
            },
            "value769": {
                "data": "Image gallery"
            },
            "value770": {
                "data": "Username"
            },
            "value771": {
                "data": "Password"
            },
            "value772": {
                "data": "Login"
            },
            "value773": {
                "data": "Forgot Password"
            },
            "value774": {
                "data": "Register"
            },
            "value775": {
                "data": "Login Failed"
            },
            "value776": {
                "data": "Invalid username or password"
            },
            "value777": {
                "data": "Publication does not exist"
            },
            "value778": {
                "data": "Wrong information received"
            },
            "value779": {
                "data": "Too many unsuccessful login attempts. Account has been locked. Please contact publisher."
            },
            "value780": {
                "data": "View"
            },
            "value781": {
                "data": "User Login"
            },
            "value782": {
                "data": "Check this out: "
            },
            "value783": {
                "data": "View cart"
            },
            "value784": {
                "data": "Add to cart"
            },
            "value785": {
                "data": "Enter text here..."
            },
            "value786": {
                "data": "Choose which option you wish to download"
            },
            "value787": {
                "data": "Online media not available locally."
            },
            "value788": {
                "data": "Call:"
            },
            "value789": {
                "data": "HTML5 Animation"
            },
            "value790": {
                "data": "Play Audio"
            },
            "value791": {
                "data": "Page Sound"
            },
            "value792": {
                "data": "Hotspot Sound"
            },
            "value793": {
                "data": "MORE"
            },
            "value795": {
                "data": "Facebook"
            },
            "value796": {
                "data": "RSS"
            },
            "value797": {
                "data": "Twitter"
            },
            "value798": {
                "data": "Google+"
            },
            "value799": {
                "data": "YouTube"
            },
            "value800": {
                "data": "NO CONTENT FOUND"
            },
            "value801": {
                "data": "Unfortunately we cannot seem to find any content from the URL you have chosen."
            },
            "value802": {
                "data": "Feature temporarily unavailable."
            },
            "value803": {
                "data": "Slide Share"
            },
            "value804": {
                "data": "Vimeo"
            },
            "value805": {
                "data": "Flickr"
            },
            "value806": {
                "data": "Article"
            },
            "value807": {
                "data": "Write"
            },
            "value808": {
                "data": "Email Article"
            },
            "value809": {
                "data": "Tumblr"
            },
            "value810": {
                "data": "Get Adobe Flash Player"
            },
            "value811": {
                "data": "It seems you do not have Adobe Flash Player installed. You have been redirected to the HTML5 version."
            },
            "value812": {
                "data": "Autoflip Off"
            },
            "value812a": {
                "data": "Autoflip On"
            },
            "value813": {
                "data": "Clipping tool"
            },
            "value815": {
                "data": "Clip it"
            },
            "value816": {
                "data": "Translate"
            },
            "value817": {
                "data": "Left Page"
            },
            "value818": {
                "data": "Right Page"
            },
            "value819": {
                "data": "Double Page"
            },
            "value820": {
                "data": "Select Language"
            },
            "value823": {
                "data": "Click to read"
            },
            "value824": {
                "data": "Close"
            },
            "value826": {
                "data": "Webpage"
            }
        },
        "value030": {
            "optimizeIpad": "true",
            "optimumDPI": "236",
            "universalAnalytics": "true",
            "value031": "1275",
            "value032": "1650",
            "value034": "0",
            "value035": "2",
            "value037": "3",
            "value038": "4",
            "value039": "5",
            "value040": "12",
            "value051": "intro.png",
            "value051a": "2",
            "value051c": "185",
            "value051d": "162",
            "value051e": "",
            "value052a": "0",
            "value052b": "175",
            "value052c": "140",
            "value052d": "0xd19b07",
            "value052e": "",
            "value170": "2",
            "value171": "6",
            "value173": "false",
            "value174": "false",
            "value189": "false",
            "value190": "false",
            "value190a": "false",
            "value194": "php",
            "value195a": "true",
            "value195c": "false",
            "value195d": "false",
            "value195e": "false",
            "value195ea": "0",
            "value195f": "false",
            "value195g": "true",
            "value196": "false",
            "value196u": "false",
            "value201": "1",
            "value202": "l2r",
            "value203": "true",
            "value204": "0",
            "value204a": "5000",
            "value205": "12",
            "value206": "9",
            "value207": "false",
            "value209": "true",
            "value209a": "false",
            "value210": "false",
            "value213a": "0",
            "value213b": "0",
            "value213c": "",
            "value213d": "0x002855",
            "value300": "",
            "value301": "7",
            "value304": "false",
            "value306": "6",
            "value307": "0",
            "value307a": "false",
            "value307b": "https://",
            "value307c": "false",
            "value307d": "https://",
            "value307e": "1",
            "value309": "flip",
            "value310": "80",
            "value311": "College of Agricultural and Environmental Sciences",
            "value311b": "UC Davis College of Agricultural and Environmental Sciences",
            "value311c": "UC Davis CA&ES Majors Brochure",
            "value311d": "",
            "value312": "English U.S.",
            "value313": "",
            "value314": "false",
            "value315": "25",
            "value318": "12",
            "value318a": "left",
            "value318b": "thumbnails",
            "value318c": "0",
            "value319": "11",
            "value320": "10",
            "value322": "1",
            "value323": "8",
            "value325": "ffffff",
            "value325a": "000000",
            "value326": "true",
            "value327": "3",
            "value327a": "3",
            "value328": "true",
            "value331": "000000",
            "value332": "false",
            "value333": "true",
            "value334": "true",
            "value400": "false",
            "value400a": "4",
            "value401": "",
            "value401a": "800",
            "value401b": "600",
            "value402": "true",
            "value500": "true",
            "value503": "MajorsBrochure",
            "value504": "89",
            "value505": "236",
            "value506": "3",
            "value507": "1",
            "value508": "http://www.3dissue.com/?utm_source=3dissue-logo&utm_medium=referral&utm_campaign=en",
            "value600": "0",
            "value601": "0",
            "value610": "0",
            "value611": "0",
            "value701": "989776",
            "value702": "158656",
            "value702a": "185487",
            "value703": "true",
            "value703a": "158369:158656:185487:MajorsBrochure",
            "value704": "",
            "value705": "1600897153211"
        }
    }
}
