﻿<?xml version="1.0" encoding="UTF-8" standalone="yes"?>
<!--Copyright 2016, 3D Issue Ltd, All rights reserved-->
<!--Mac OSX 140733193388042.15.140728898420742 Intel-->
<value000>
	<value030 value310="80" value701="989776" value702="158656" value702a="185487" value703a="158369:158656:185487:MajorsBrochure" value704="" value705="1600897153211" value031="1275" value032="1650" optimumDPI="236" value040="12" value052a="0" value052b="175" value052c="140" value052e="" value052d="0xd19b07" value051="intro.png" value051a="2" value051c="185" value051d="162" value051e="" value210="false" value213a="0" value213b="0" value213c="" value213d="0x002855" value189="false" value190="false" value190a="false" value311="College of Agricultural and Environmental Sciences" value311b="UC Davis College of Agricultural and Environmental Sciences" value311c="UC Davis CA&amp;ES Majors Brochure" value311d="" value312="English U.S." value201="1" value306="6" value315="25" value402="true" value300="" value196="false" value196u="false" value332="false" value333="true" value334="true" value304="false" value314="false" value703="true" value203="true" value207="false" value204a="5000" value202="l2r" value327="3" value327a="3" value034="0" value035="2" value037="3" value038="4" value039="5" value322="1" value171="6" value319="11" value301="7" value205="12" value204="0" value323="8" value206="9" value320="10" value318="12" value326="true" value195a="true" value195c="false" value195d="false" value195e="false" value195g="true" value195ea="0" value173="false" value174="false" value209="true" value209a="false" value325="ffffff" value325a="000000" value331="000000" value309="flip" value318b="thumbnails" value318a="left" value318c="0" value307="0" value307a="false" value307b="https://" value307c="false" value307d="https://" value307e="1" value194="php" value504="89" value505="236" value506="3" value507="1" optimizeIpad="true" universalAnalytics="true" value500="true" value328="true" value400="false" value400a="4" value401="" value401a="800" value401b="600" value313="" value195f="false" value170="2" value600="0" value601="0" value610="0" value611="0" value503="MajorsBrochure" value508="http://www.3dissue.com/?utm_source=3dissue-logo&amp;utm_medium=referral&amp;utm_campaign=en"/>
	<SEODescription><![CDATA[]]></SEODescription>
	<SEOKeywords><![CDATA[Digital Magazine, Digital Edition, e-replica, e publishing, digital publishing software, eMag, PageFlip, 3dissue, 3D Issue]]></SEOKeywords>
	<value002 lang="English U.S." flag="us">
		<value686><![CDATA[Alert]]></value686>
		<value687><![CDATA[File]]></value687>
		<value688><![CDATA[could not be found.]]></value688>
		<value600><![CDATA[Contents]]></value600>
		<value689><![CDATA[Ok]]></value689>
		<value601><![CDATA[Print]]></value601>
		<value602><![CDATA[Download]]></value602>
		<value603><![CDATA[Search]]></value603>
		<value604><![CDATA[Share]]></value604>
		<value605><![CDATA[Settings]]></value605>
		<value606><![CDATA[Thumbnails]]></value606>
		<value607><![CDATA[Archive]]></value607>
		<value608><![CDATA[Help]]></value608>
		<value609><![CDATA[Exit]]></value609>
		<value690><![CDATA[Warning]]></value690>
		<value691><![CDATA[Text cannot be entered in fullscreen mode. Would you like to exit fullscreen mode?]]></value691>
		<value692><![CDATA[Click and drag note to its location.]]></value692>
		<value693><![CDATA[Paragraph]]></value693>
		<value694><![CDATA[About Us]]></value694>
		<value731><![CDATA[This feature is not available in Preview mode]]></value731>
		<value695><![CDATA[3DIssue was designed to ensure that publishers would be able to convert their PDFs to flash magazines without the need of hiring specialist services.]]></value695>
		<value732><![CDATA[No page(s) selected to print.]]></value732>
		<value696><![CDATA[This feature is not available in fullscreen mode. Would you like to exit fullscreen mode?]]></value696>
		<value733><![CDATA[You must select at least one of the options to email 'yourself' or a 'friend'.]]></value733>
		<value697><![CDATA[Save login details]]></value697>
		<value734><![CDATA[Some information is missing. Please fill in all fields before clicking submit.]]></value734>
		<value735><![CDATA[Enter the details of your new bookmark below:]]></value735>
		<value610><![CDATA[Email:]]></value610>
		<value736><![CDATA[No bookmark(s) selected. Please select at least one bookmark before proceeding.]]></value736>
		<value611><![CDATA[Web:]]></value611>
		<value737><![CDATA[Reached quota limit for bookmark storage. Cannot add any more bookmarks.]]></value737>
		<value612><![CDATA[Jump to page:]]></value612>
		<value613><![CDATA[Download file]]></value613>
		<value614><![CDATA[Audio clip]]></value614>
		<value615><![CDATA[Play flash file]]></value615>
		<value616><![CDATA[Play video clip]]></value616>
		<value617><![CDATA[Leave comment]]></value617>
		<value619><![CDATA[Ready]]></value619>
		<value741><![CDATA[Page Transition]]></value741>
		<value742><![CDATA[Information]]></value742>
		<value743><![CDATA[Presentation]]></value743>
		<value744><![CDATA[selected]]></value744>
		<value745><![CDATA[Bookmark Current Page]]></value745>
		<value620><![CDATA[Complete]]></value620>
		<value746><![CDATA[This page is already bookmarked]]></value746>
		<value621><![CDATA[Seeking]]></value621>
		<value747><![CDATA[of]]></value747>
		<value622><![CDATA[Email]]></value622>
		<value748><![CDATA[Add note]]></value748>
		<value623><![CDATA[Your name]]></value623>
		<value624><![CDATA[Your email Address]]></value624>
		<value625><![CDATA[Your friend's Name]]></value625>
		<value626><![CDATA[Your friend's email address]]></value626>
		<value627><![CDATA[Click here to add message]]></value627>
		<value628><![CDATA[Submit]]></value628>
		<value629><![CDATA[Reset]]></value629>
		<value750><![CDATA[NEXT PAGE]]></value750>
		<value751><![CDATA[PREVIOUS PAGE]]></value751>
		<value752><![CDATA[Click anywhere on a page to zoom.]]></value752>
		<value753><![CDATA[Click on]]></value753>
		<value754><![CDATA[Buttons]]></value754>
		<value755><![CDATA[Hotspots]]></value755>
		<value630><![CDATA[Comment]]></value630>
		<value756><![CDATA[for interactive features]]></value756>
		<value757><![CDATA[and]]></value757>
		<value632><![CDATA[Enter your name]]></value632>
		<value758><![CDATA[(Click anywhere to close overlay)]]></value758>
		<value633><![CDATA[Your email is not valid]]></value633>
		<value759><![CDATA[Click and drag a corner to turn a page]]></value759>
		<value634><![CDATA[Enter your friend's name]]></value634>
		<value635><![CDATA[Your friends email is not valid]]></value635>
		<value636><![CDATA[Submit Error!]]></value636>
		<value637><![CDATA[Please wait while sending your message]]></value637>
		<value638><![CDATA[Error occur while sending your message]]></value638>
		<value760><![CDATA[Click and drag to turn page]]></value760>
		<value761><![CDATA[PAGE THUMBNAILS]]></value761>
		<value762><![CDATA[PAGE BUTTONS]]></value762>
		<value763><![CDATA[Click on a thumbnail to jump to that page]]></value763>
		<value764><![CDATA[Enter page number to jump to that page or click on navigation buttons]]></value764>
		<value800><![CDATA[NO CONTENT FOUND]]></value800>
		<value765><![CDATA[Would you like to view this in the]]></value765>
		<value640><![CDATA[Your message is successfully sent!]]></value640>
		<value801><![CDATA[Unfortunately we cannot seem to find any content from the URL you have chosen.]]></value801>
		<value766><![CDATA[Select All]]></value766>
		<value641><![CDATA[Search]]></value641>
		<value802><![CDATA[Feature temporarily unavailable.]]></value802>
		<value812a><![CDATA[Autoflip On]]></value812a>
		<value803><![CDATA[Slide Share]]></value803>
		<value767><![CDATA[Select None]]></value767>
		<value642><![CDATA[matches found]]></value642>
		<value804><![CDATA[Vimeo]]></value804>
		<value768><![CDATA[This feature is not available on 3D Issue's trial hosting. To see this feature in action, please upload to your own domain.]]></value768>
		<value643><![CDATA[No matches found]]></value643>
		<value805><![CDATA[Flickr]]></value805>
		<value769><![CDATA[Image gallery]]></value769>
		<value644><![CDATA[Page]]></value644>
		<value806><![CDATA[Article]]></value806>
		<value645><![CDATA[Print]]></value645>
		<value807><![CDATA[Write]]></value807>
		<value646><![CDATA[Print Current]]></value646>
		<value808><![CDATA[Email Article]]></value808>
		<value647><![CDATA[Print Selected]]></value647>
		<value809><![CDATA[Tumblr]]></value809>
		<value648><![CDATA[printing pages]]></value648>
		<value770><![CDATA[Username]]></value770>
		<value771><![CDATA[Password]]></value771>
		<value772><![CDATA[Login]]></value772>
		<value773><![CDATA[Forgot Password]]></value773>
		<value810><![CDATA[Get Adobe Flash Player]]></value810>
		<value774><![CDATA[Register]]></value774>
		<value650><![CDATA[Zoom to double page]]></value650>
		<value811><![CDATA[It seems you do not have Adobe Flash Player installed. You have been redirected to the HTML5 version.]]></value811>
		<value775><![CDATA[Login Failed]]></value775>
		<value812><![CDATA[Autoflip Off]]></value812>
		<value651><![CDATA[Zoom to single page]]></value651>
		<value776><![CDATA[Invalid username or password]]></value776>
		<value813><![CDATA[Clipping tool]]></value813>
		<value652><![CDATA[When zoomed in, navigate by moving the mouse]]></value652>
		<value777><![CDATA[Publication does not exist]]></value777>
		<value653><![CDATA[When zoomed in, navigate by clicking and dragging the pages]]></value653>
		<value778><![CDATA[Wrong information received]]></value778>
		<value815><![CDATA[Clip it]]></value815>
		<value654><![CDATA[Zoom to]]></value654>
		<value779><![CDATA[Too many unsuccessful login attempts. Account has been locked. Please contact publisher.]]></value779>
		<value816><![CDATA[Translate]]></value816>
		<value655><![CDATA[browser width]]></value655>
		<value817><![CDATA[Left Page]]></value817>
		<value656><![CDATA[Custom Zoom]]></value656>
		<value818><![CDATA[Right Page]]></value818>
		<value657><![CDATA[Fullscreen]]></value657>
		<value819><![CDATA[Double Page]]></value819>
		<value658><![CDATA[Bookmarks]]></value658>
		<value659><![CDATA[Notes]]></value659>
		<value780><![CDATA[View]]></value780>
		<value781><![CDATA[User Login]]></value781>
		<value782><![CDATA[Check this out: ]]></value782>
		<value783><![CDATA[View cart]]></value783>
		<value820><![CDATA[Select Language]]></value820>
		<value784><![CDATA[Add to cart]]></value784>
		<value660><![CDATA[View note]]></value660>
		<value785><![CDATA[Enter text here...]]></value785>
		<value786><![CDATA[Choose which option you wish to download]]></value786>
		<value661><![CDATA[Note]]></value661>
		<value662><![CDATA[Yes]]></value662>
		<value823><![CDATA[Click to read]]></value823>
		<value787><![CDATA[Online media not available locally.]]></value787>
		<value788><![CDATA[Call:]]></value788>
		<value663><![CDATA[No]]></value663>
		<value824><![CDATA[Close]]></value824>
		<value789><![CDATA[HTML5 Animation]]></value789>
		<value664><![CDATA[New]]></value664>
		<value665><![CDATA[Delete]]></value665>
		<value826><![CDATA[Webpage]]></value826>
		<value666><![CDATA[Page]]></value666>
		<value667><![CDATA[Add]]></value667>
		<value668><![CDATA[Cancel]]></value668>
		<value669><![CDATA[Are you sure you want to delete these notes?]]></value669>
		<value790><![CDATA[Play Audio]]></value790>
		<value791><![CDATA[Page Sound]]></value791>
		<value792><![CDATA[Hotspot Sound]]></value792>
		<value793><![CDATA[MORE]]></value793>
		<value795><![CDATA[Facebook]]></value795>
		<value670><![CDATA[New note]]></value670>
		<value796><![CDATA[RSS]]></value796>
		<value671><![CDATA[Bookmark]]></value671>
		<value797><![CDATA[Twitter]]></value797>
		<value672><![CDATA[Are you sure you want to delete these bookmarks?]]></value672>
		<value798><![CDATA[Google+]]></value798>
		<value673><![CDATA[New bookmark]]></value673>
		<value799><![CDATA[YouTube]]></value799>
		<value674><![CDATA[Share via]]></value674>
		<value675><![CDATA[Yourself]]></value675>
		<value676><![CDATA[Friend]]></value676>
		<value677><![CDATA[Download the offline version?]]></value677>
		<value678><![CDATA[Slide]]></value678>
		<value679><![CDATA[Flip]]></value679>
		<value680><![CDATA[Pause]]></value680>
		<value681><![CDATA[Play]]></value681>
		<value682><![CDATA[Volume]]></value682>
		<value683><![CDATA[Click to play]]></value683>
		<value684><![CDATA[Clear Results]]></value684>
		<value685><![CDATA[Are you sure you want to close the digital magazine?]]></value685>
	</value002>
	<ibuttons>
		<value01>png</value01>
		<value02>png</value02>
		<value03>png</value03>
		<value04>png</value04>
		<value05>png</value05>
		<value06>png</value06>
		<value07>png</value07>
		<value08>png</value08>
		<value09>png</value09>
		<value10>png</value10>
		<value11>png</value11>
		<value12>png</value12>
		<value13>png</value13>
		<value14>png</value14>
		<value15>png</value15>
		<value16>png</value16>
	</ibuttons>
	<value001>
		<value012 value013="hot" value013a="em" value014="2" value016="361" value017="950" value018="188" value019="17" value019a="0" value022="" value023a="0xe7cd6c" value024a="0.40" value023b="0xffffff" value024b="0.00" value025a="false" value025b="false" value020="abi-advising@ucdavis.edu"/>
		<value012 value013="hot" value013a="wl" value014="2" value016="361" value017="967" value018="255" value019="16" value019a="0" value022="" value023a="0xe7cd6c" value024a="0.40" value023b="0xffffff" value024b="0.00" value025a="false" value025b="false" value020="http://ucdavis.edu/majors/animal-biology"/>
		<value012 value013="hot" value013a="em" value014="2" value016="936" value017="1192" value018="133" value019="17" value019a="0" value022="" value023a="0xe7cd6c" value024a="0.40" value023b="0xffffff" value024b="0.00" value025a="false" value025b="false" value020="asac@ucdavis.edu"/>
		<value012 value013="hot" value013a="wl" value014="2" value016="936" value017="1209" value018="250" value019="38" value019a="0" value022="" value023a="0xe7cd6c" value024a="0.40" value023b="0xffffff" value024b="0.00" value025a="false" value025b="false" value020="http://animalscience.ucdavis.edu/asac/&#13;anm-major.html"/>
		<value012 value013="hot" value013a="em" value014="2" value016="73" value017="1266" value018="133" value019="17" value019a="0" value022="" value023a="0xe7cd6c" value024a="0.40" value023b="0xffffff" value024b="0.00" value025a="false" value025b="false" value020="asac@ucdavis.edu"/>
		<value012 value013="hot" value013a="wl" value014="2" value016="73" value017="1283" value018="245" value019="33" value019a="0" value022="" value023a="0xe7cd6c" value024a="0.40" value023b="0xffffff" value024b="0.00" value025a="false" value025b="false" value020="http://animalscience.ucdavis.edu/asac/&#13;aee-major.html"/>
		<value012 value013="hot" value013a="em" value014="2" value016="648" value017="1284" value018="133" value019="17" value019a="0" value022="" value023a="0xe7cd6c" value024a="0.40" value023b="0xffffff" value024b="0.00" value025a="false" value025b="false" value020="asac@ucdavis.edu"/>
		<value012 value013="hot" value013a="wl" value014="2" value016="648" value017="1301" value018="247" value019="38" value019a="0" value022="" value023a="0xe7cd6c" value024a="0.40" value023b="0xffffff" value024b="0.00" value025a="false" value025b="false" value020="http://animalscience.ucdavis.edu/asac/&#13;ans-major.htm"/>
		<value012 value013="hot" value013a="pho" value014="2" value016="73" value017="1245" value018="109" value019="15" value019a="0" value022="" value023a="0xe7cd6c" value024a="0.40" value023b="0xffffff" value024b="0.00" value025a="false" value025b="false" value020="+1530-754-7915" value020a="+1US"/>
		<value012 value013="hot" value013a="pho" value014="2" value016="360" value017="927" value018="107" value019="17" value019a="0" value022="" value023a="0xe7cd6c" value024a="0.40" value023b="0xffffff" value024b="0.00" value025a="false" value025b="false" value020="+1530-754-7277" value020a="+1US"/>
		<value012 value013="hot" value013a="pho" value014="2" value016="649" value017="1262" value018="104" value019="16" value019a="0" value022="" value023a="0xe7cd6c" value024a="0.40" value023b="0xffffff" value024b="0.00" value025a="false" value025b="false" value020="+1530-754-7915" value020a="+1US"/>
		<value012 value013="hot" value013a="pho" value014="2" value016="934" value017="1171" value018="108" value019="16" value019a="0" value022="" value023a="0xe7cd6c" value024a="0.40" value023b="0xffffff" value024b="0.00" value025a="false" value025b="false" value020="+1530-754-7915" value020a="+1US"/>
		<value012 value013="hot" value013a="pvl" value014="2" value016="645" value017="1363" value018="102" value019="105" value019a="0" value022="" value023a="0xe7cd6c" value024a="0.40" value023b="0xffffff" value024b="0.00" value025a="false" value025b="false" value020="Vng4G5hf608" value028="640" value029="480" value020b="" value022a="" value020d="youtube"/>
		<value012 value013="hot" value013a="em" value014="3" value016="650" value017="976" value018="220" value019="17" value019a="0" value022="" value023a="0xe7cd6c" value024a="0.40" value023b="0xffffff" value024b="0.00" value025a="false" value025b="false" value020="nutritionadvising@ucdavis.edu"/>
		<value012 value013="hot" value013a="wl" value014="3" value016="650" value017="996" value018="151" value019="16" value019a="0" value022="" value023a="0xe7cd6c" value024a="0.40" value023b="0xffffff" value024b="0.00" value025a="false" value025b="false" value020="http://nutrition.ucdavis.edu"/>
		<value012 value013="hot" value013a="em" value014="3" value016="75" value017="1016" value018="191" value019="17" value019a="0" value022="" value023a="0xe7cd6c" value024a="0.40" value023b="0xffffff" value024b="0.00" value025a="false" value025b="false" value020="lawradvising@ucdavis.edu"/>
		<value012 value013="hot" value013a="wl" value014="3" value016="75" value017="1036" value018="121" value019="16" value019a="0" value022="" value023a="0xe7cd6c" value024a="0.40" value023b="0xffffff" value024b="0.00" value025a="false" value025b="false" value020="http://lawr.ucdavis.edu"/>
		<value012 value013="hot" value013a="wl" value014="3" value016="937" value017="1128" value018="118" value019="16" value019a="0" value022="" value023a="0xe7cd6c" value024a="0.40" value023b="0xffffff" value024b="0.00" value025a="false" value025b="false" value020="http://hcd.ucdavis.edu"/>
		<value012 value013="hot" value013a="wl" value014="3" value016="362" value017="1170" value018="187" value019="16" value019a="0" value022="" value023a="0xe7cd6c" value024a="0.40" value023b="0xffffff" value024b="0.00" value025a="false" value025b="false" value020="http://biotechmajor.ucdavis.edu"/>
		<value012 value013="hot" value013a="pho" value014="3" value016="74" value017="992" value018="108" value019="19" value019a="0" value022="" value023a="0xe7cd6c" value024a="0.40" value023b="0xffffff" value024b="0.00" value025a="false" value025b="false" value020="+1530-752-1603" value020a="+1US"/>
		<value012 value013="hot" value013a="pho" value014="3" value016="360" value017="1150" value018="106" value019="15" value019a="0" value022="" value023a="0xe7cd6c" value024a="0.40" value023b="0xffffff" value024b="0.00" value025a="false" value025b="false" value020="+1530-752-1715" value020a="+1US"/>
		<value012 value013="hot" value013a="pho" value014="3" value016="647" value017="953" value018="106" value019="18" value019a="0" value022="" value023a="0xe7cd6c" value024a="0.40" value023b="0xffffff" value024b="0.00" value025a="false" value025b="false" value020="+1530-752-2512" value020a="+1US"/>
		<value012 value013="hot" value013a="pho" value014="3" value016="775" value017="954" value018="109" value019="18" value019a="0" value022="" value023a="0xe7cd6c" value024a="0.40" value023b="0xffffff" value024b="0.00" value025a="false" value025b="false" value020="+1530-752-7094" value020a="+1US"/>
		<value012 value013="hot" value013a="pho" value014="3" value016="936" value017="1105" value018="106" value019="16" value019a="0" value022="" value023a="0xe7cd6c" value024a="0.40" value023b="0xffffff" value024b="0.00" value025a="false" value025b="false" value020="+1530-752-2244" value020a="+1US"/>
		<value012 value013="hot" value013a="pvl" value014="3" value016="648" value017="1030" value018="111" value019="111" value019a="0" value022="" value023a="0xe7cd6c" value024a="0.40" value023b="0xffffff" value024b="0.00" value025a="false" value025b="false" value020="JGme5fU3lPQ" value028="640" value029="480" value020b="" value022a="" value020d="youtube"/>
		<value012 value013="hot" value013a="wl" value014="4" value016="362" value017="977" value018="178" value019="16" value019a="0" value022="" value023a="0xe7cd6c" value024a="0.40" value023b="0xffffff" value024b="0.00" value025a="false" value025b="false" value020="http://entomology.ucdavis.edu"/>
		<value012 value013="hot" value013a="wl" value014="4" value016="75" value017="1080" value018="192" value019="16" value019a="0" value022="" value023a="0xe7cd6c" value024a="0.40" value023b="0xffffff" value024b="0.00" value025a="false" value025b="false" value020="http://plantsciences.ucdavis.edu"/>
		<value012 value013="hot" value013a="wl" value014="4" value016="650" value017="1128" value018="192" value019="16" value019a="0" value022="" value023a="0xe7cd6c" value024a="0.40" value023b="0xffffff" value024b="0.00" value025a="false" value025b="false" value020="http://plantsciences.ucdavis.edu"/>
		<value012 value013="hot" value013a="wl" value014="4" value016="937" value017="1253" value018="128" value019="16" value019a="0" value022="" value023a="0xe7cd6c" value024a="0.40" value023b="0xffffff" value024b="0.00" value025a="false" value025b="false" value020="http://desp.ucdavis.edu"/>
		<value012 value013="hot" value013a="pho" value014="4" value016="73" value017="1056" value018="110" value019="19" value019a="0" value022="" value023a="0xe7cd6c" value024a="0.40" value023b="0xffffff" value024b="0.00" value025a="false" value025b="false" value020="+1530-752-9770" value020a="+1US"/>
		<value012 value013="hot" value013a="pho" value014="4" value016="360" value017="954" value018="112" value019="17" value019a="0" value022="" value023a="0xe7cd6c" value024a="0.40" value023b="0xffffff" value024b="0.00" value025a="false" value025b="false" value020="+1530-754-7277" value020a="+1US"/>
		<value012 value013="hot" value013a="pho" value014="4" value016="649" value017="1105" value018="110" value019="18" value019a="0" value022="" value023a="0xe7cd6c" value024a="0.40" value023b="0xffffff" value024b="0.00" value025a="false" value025b="false" value020="+1530-752-9770" value020a="+1US"/>
		<value012 value013="hot" value013a="pho" value014="4" value016="936" value017="1231" value018="102" value019="17" value019a="0" value022="" value023a="0xe7cd6c" value024a="0.40" value023b="0xffffff" value024b="0.00" value025a="false" value025b="false" value020="+1530-752-7183" value020a="+1US"/>
		<value012 value013="hot" value013a="em" value014="5" value016="937" value017="983" value018="183" value019="16" value019a="0" value022="" value023a="0xe7cd6c" value024a="0.40" value023b="0xffffff" value024b="0.00" value025a="false" value025b="false" value020="gdb-advise@ucdavis.edu"/>
		<value012 value013="hot" value013a="wl" value014="5" value016="937" value017="1003" value018="120" value019="16" value019a="0" value022="" value023a="0xe7cd6c" value024a="0.40" value023b="0xffffff" value024b="0.00" value025a="false" value025b="false" value020="http://gdb.ucdavis.edu"/>
		<value012 value013="hot" value013a="em" value014="5" value016="650" value017="1112" value018="189" value019="16" value019a="0" value022="" value023a="0xe7cd6c" value024a="0.40" value023b="0xffffff" value024b="0.00" value025a="false" value025b="false" value020="bftvadvising@ucdavis.edu"/>
		<value012 value013="hot" value013a="wl" value014="5" value016="650" value017="1132" value018="181" value019="16" value019a="0" value022="" value023a="0xe7cd6c" value024a="0.40" value023b="0xffffff" value024b="0.00" value025a="false" value025b="false" value020="http://foodscience.ucdavis.edu"/>
		<value012 value013="hot" value013a="wl" value014="5" value016="362" value017="1144" value018="123" value019="16" value019a="0" value022="" value023a="0xe7cd6c" value024a="0.40" value023b="0xffffff" value024b="0.00" value025a="false" value025b="false" value020="http://etox.ucdavis.edu"/>
		<value012 value013="hot" value013a="wl" value014="5" value016="75" value017="1267" value018="128" value019="16" value019a="0" value022="" value023a="0xe7cd6c" value024a="0.40" value023b="0xffffff" value024b="0.00" value025a="false" value025b="false" value020="http://desp.ucdavis.edu"/>
		<value012 value013="hot" value013a="wl" value014="5" value016="75" value017="1367" value018="121" value019="16" value019a="0" value022="" value023a="0xe7cd6c" value024a="0.40" value023b="0xffffff" value024b="0.00" value025a="false" value025b="false" value020="http://lawr.ucdavis.edu"/>
		<value012 value013="hot" value013a="pho" value014="5" value016="74" value017="1245" value018="104" value019="15" value019a="0" value022="" value023a="0xe7cd6c" value024a="0.40" value023b="0xffffff" value024b="0.00" value025a="false" value025b="false" value020="+1530-752-7183" value020a="+1US"/>
		<value012 value013="hot" value013a="pho" value014="5" value016="74" value017="1346" value018="103" value019="15" value019a="0" value022="" value023a="0xe7cd6c" value024a="0.40" value023b="0xffffff" value024b="0.00" value025a="false" value025b="false" value020="+1530-752-1603" value020a="+1US"/>
		<value012 value013="hot" value013a="pho" value014="5" value016="362" value017="1120" value018="105" value019="18" value019a="0" value022="" value023a="0xe7cd6c" value024a="0.40" value023b="0xffffff" value024b="0.00" value025a="false" value025b="false" value020="+1530-752-1042" value020a="+1US"/>
		<value012 value013="hot" value013a="pho" value014="5" value016="650" value017="1090" value018="109" value019="16" value019a="0" value022="" value023a="0xe7cd6c" value024a="0.40" value023b="0xffffff" value024b="0.00" value025a="false" value025b="false" value020="+1530-752-3250" value020a="+1US"/>
		<value012 value013="hot" value013a="pho" value014="5" value016="936" value017="961" value018="104" value019="16" value019a="0" value022="" value023a="0xe7cd6c" value024a="0.40" value023b="0xffffff" value024b="0.00" value025a="false" value025b="false" value020="+1530-754-4131" value020a="+1US"/>
		<value012 value013="hot" value013a="pvl" value014="5" value016="76" value017="1408" value018="94" value019="94" value019a="0" value022="" value023a="0xe7cd6c" value024a="0.40" value023b="0xffffff" value024b="0.00" value025a="false" value025b="false" value020="a33b4fC1n9o" value028="640" value029="480" value020b="" value022a="" value020d="youtube"/>
		<value012 value013="hot" value013a="pvl" value014="5" value016="648" value017="1177" value018="116" value019="116" value019a="0" value022="" value023a="0xe7cd6c" value024a="0.40" value023b="0xffffff" value024b="0.00" value025a="false" value025b="false" value020="NhQahfFPUHk" value028="640" value029="480" value020b="" value022a="" value020d="youtube"/>
		<value012 value013="hot" value013a="wl" value014="6" value016="75" value017="937" value018="118" value019="16" value019a="0" value022="" value023a="0xe7cd6c" value024a="0.40" value023b="0xffffff" value024b="0.00" value025a="false" value025b="false" value020="http://hcd.ucdavis.edu"/>
		<value012 value013="hot" value013a="em" value014="6" value016="355" value017="956" value018="191" value019="17" value019a="0" value022="" value023a="0xe7cd6c" value024a="0.40" value023b="0xffffff" value024b="0.00" value025a="false" value025b="false" value020="lawradvising@ucdavis.edu"/>
		<value012 value013="hot" value013a="wl" value014="6" value016="355" value017="977" value018="121" value019="16" value019a="0" value022="" value023a="0xe7cd6c" value024a="0.40" value023b="0xffffff" value024b="0.00" value025a="false" value025b="false" value020="http://lawr.ucdavis.edu"/>
		<value012 value013="hot" value013a="wl" value014="6" value016="916" value017="1053" value018="231" value019="36" value019a="0" value022="" value023a="0xe7cd6c" value024a="0.40" value023b="0xffffff" value024b="0.00" value025a="false" value025b="false" value020="http://humanecology.ucdavis.edu/&#13;landscape-architecture-major"/>
		<value012 value013="hot" value013a="wl" value014="6" value016="636" value017="1214" value018="192" value019="16" value019a="0" value022="" value023a="0xe7cd6c" value024a="0.40" value023b="0xffffff" value024b="0.00" value025a="false" value025b="false" value020="http://plantsciences.ucdavis.edu"/>
		<value012 value013="hot" value013a="pho" value014="6" value016="73" value017="916" value018="109" value019="14" value019a="0" value022="" value023a="0xe7cd6c" value024a="0.40" value023b="0xffffff" value024b="0.00" value025a="false" value025b="false" value020="+1530-752-2244" value020a="+1US"/>
		<value012 value013="hot" value013a="pho" value014="6" value016="353" value017="934" value018="106" value019="15" value019a="0" value022="" value023a="0xe7cd6c" value024a="0.40" value023b="0xffffff" value024b="0.00" value025a="false" value025b="false" value020="+1530-752-1603" value020a="+1US"/>
		<value012 value013="hot" value013a="pho" value014="6" value016="637" value017="1194" value018="109" value019="13" value019a="0" value022="" value023a="0xe7cd6c" value024a="0.40" value023b="0xffffff" value024b="0.00" value025a="false" value025b="false" value020="+1530-752-4839" value020a="+1US"/>
		<value012 value013="hot" value013a="pho" value014="6" value016="914" value017="1034" value018="107" value019="14" value019a="0" value022="" value023a="0xe7cd6c" value024a="0.40" value023b="0xffffff" value024b="0.00" value025a="false" value025b="false" value020="+1530-754-8628" value020a="+1US"/>
		<value012 value013="hot" value013a="pvl" value014="6" value016="639" value017="1253" value018="100" value019="100" value019a="0" value022="" value023a="0xe7cd6c" value024a="0.40" value023b="0xffffff" value024b="0.00" value025a="false" value025b="false" value020="hPdYpPFbzTA" value028="640" value029="480" value020b="" value022a="" value020d="youtube"/>
		<value012 value013="hot" value013a="pvl" value014="6" value016="915" value017="1109" value018="114" value019="114" value019a="0" value022="" value023a="0xe7cd6c" value024a="0.40" value023b="0xffffff" value024b="0.00" value025a="false" value025b="false" value020="CfppB4YzsxI" value028="640" value029="480" value020b="" value022a="" value020d="youtube"/>
		<value012 value013="hot" value013a="em" value014="7" value016="356" value017="1038" value018="195" value019="17" value019a="0" value022="" value023a="0xe7cd6c" value024a="0.40" value023b="0xffffff" value024b="0.00" value025a="false" value025b="false" value020="mcs-advisers@ucdavis.edu"/>
		<value012 value013="hot" value013a="em" value014="7" value016="638" value017="1038" value018="220" value019="17" value019a="0" value022="" value023a="0xe7cd6c" value024a="0.40" value023b="0xffffff" value024b="0.00" value025a="false" value025b="false" value020="nutritionadvising@ucdavis.edu"/>
		<value012 value013="hot" value013a="wl" value014="7" value016="356" value017="1058" value018="208" value019="33" value019a="0" value022="" value023a="0xe7cd6c" value024a="0.40" value023b="0xffffff" value024b="0.00" value025a="false" value025b="false" value020="http://marinescience.ucdavis.edu/&#13;programs/mcsci"/>
		<value012 value013="hot" value013a="wl" value014="7" value016="638" value017="1058" value018="151" value019="16" value019a="0" value022="" value023a="0xe7cd6c" value024a="0.40" value023b="0xffffff" value024b="0.00" value025a="false" value025b="false" value020="http://nutrition.ucdavis.edu"/>
		<value012 value013="hot" value013a="wl" value014="7" value016="920" value017="1131" value018="192" value019="16" value019a="0" value022="" value023a="0xe7cd6c" value024a="0.40" value023b="0xffffff" value024b="0.00" value025a="false" value025b="false" value020="http://plantsciences.ucdavis.edu"/>
		<value012 value013="hot" value013a="em" value014="7" value016="74" value017="1190" value018="216" value019="17" value019a="0" value022="" value023a="0xe7cd6c" value024a="0.40" value023b="0xffffff" value024b="0.00" value025a="false" value025b="false" value020="manecon@primal.ucdavis.edu"/>
		<value012 value013="hot" value013a="wl" value014="7" value016="74" value017="1211" value018="160" value019="16" value019a="0" value022="" value023a="0xe7cd6c" value024a="0.40" value023b="0xffffff" value024b="0.00" value025a="false" value025b="false" value020="http://manecon.ucdavis.edu"/>
		<value012 value013="hot" value013a="pho" value014="7" value016="73" value017="1169" value018="107" value019="13" value019a="0" value022="" value023a="0xe7cd6c" value024a="0.40" value023b="0xffffff" value024b="0.00" value025a="false" value025b="false" value020="+1530-754-9536" value020a="+1US"/>
		<value012 value013="hot" value013a="pho" value014="7" value016="356" value017="1019" value018="108" value019="12" value019a="0" value022="" value023a="0xe7cd6c" value024a="0.40" value023b="0xffffff" value024b="0.00" value025a="false" value025b="false" value020="+1530-752-9100" value020a="+1US"/>
		<value012 value013="hot" value013a="pho" value014="7" value016="635" value017="997" value018="108" value019="16" value019a="0" value022="" value023a="0xe7cd6c" value024a="0.40" value023b="0xffffff" value024b="0.00" value025a="false" value025b="false" value020="+1530-752-2512" value020a="+1US"/>
		<value012 value013="hot" value013a="pho" value014="7" value016="637" value017="1019" value018="106" value019="12" value019a="0" value022="" value023a="0xe7cd6c" value024a="0.40" value023b="0xffffff" value024b="0.00" value025a="false" value025b="false" value020="+1530-752-7094" value020a="+1US"/>
		<value012 value013="hot" value013a="pho" value014="7" value016="921" value017="1106" value018="100" value019="18" value019a="0" value022="" value023a="0xe7cd6c" value024a="0.40" value023b="0xffffff" value024b="0.00" value025a="false" value025b="false" value020="+1530-752-1715" value020a="+1US"/>
		<value012 value013="hot" value013a="em" value014="8" value016="650" value017="975" value018="188" value019="17" value019a="0" value022="" value023a="0xe7cd6c" value024a="0.40" value023b="0xffffff" value024b="0.00" value025a="false" value025b="false" value020="bftvadvising@ucdavis.edu"/>
		<value012 value013="hot" value013a="wl" value014="8" value016="650" value017="995" value018="170" value019="16" value019a="0" value022="" value023a="0xe7cd6c" value024a="0.40" value023b="0xffffff" value024b="0.00" value025a="false" value025b="false" value020="http://wineserver.ucdavis.edu"/>
		<value012 value013="hot" value013a="wl" value014="8" value016="75" value017="1107" value018="223" value019="16" value019a="0" value022="" value023a="0xe7cd6c" value024a="0.40" value023b="0xffffff" value024b="0.00" value025a="false" value025b="false" value020="http://asi.ucdavis.edu/programs/safs"/>
		<value012 value013="hot" value013a="wl" value014="8" value016="362" value017="1119" value018="118" value019="16" value019a="0" value022="" value023a="0xe7cd6c" value024a="0.40" value023b="0xffffff" value024b="0.00" value025a="false" value025b="false" value020="http://sed.ucdavis.edu"/>
		<value012 value013="hot" value013a="em" value014="8" value016="937" value017="1153" value018="197" value019="16" value019a="0" value022="" value023a="0xe7cd6c" value024a="0.40" value023b="0xffffff" value024b="0.00" value025a="false" value025b="false" value020="wfcbadvising@ucdavis.edu"/>
		<value012 value013="hot" value013a="wl" value014="8" value016="937" value017="1173" value018="126" value019="16" value019a="0" value022="" value023a="0xe7cd6c" value024a="0.40" value023b="0xffffff" value024b="0.00" value025a="false" value025b="false" value020="http://wfcb.ucdavis.edu"/>
		<value012 value013="hot" value013a="pho" value014="8" value016="73" value017="1086" value018="105" value019="15" value019a="0" value022="" value023a="0xe7cd6c" value024a="0.40" value023b="0xffffff" value024b="0.00" value025a="false" value025b="false" value020="+1530-752-1602" value020a="+1US"/>
		<value012 value013="hot" value013a="pho" value014="8" value016="362" value017="1096" value018="109" value019="17" value019a="0" value022="" value023a="0xe7cd6c" value024a="0.40" value023b="0xffffff" value024b="0.00" value025a="false" value025b="false" value020="+1530-754-8628" value020a="+1US"/>
		<value012 value013="hot" value013a="pho" value014="8" value016="649" value017="953" value018="110" value019="14" value019a="0" value022="" value023a="0xe7cd6c" value024a="0.40" value023b="0xffffff" value024b="0.00" value025a="false" value025b="false" value020="+1530-752-3250" value020a="+1US"/>
		<value012 value013="hot" value013a="pho" value014="8" value016="939" value017="1134" value018="109" value019="12" value019a="0" value022="" value023a="0xe7cd6c" value024a="0.40" value023b="0xffffff" value024b="0.00" value025a="false" value025b="false" value020="+1530-754-9796" value020a="+1US"/>
		<value012 value013="hot" value013a="pvl" value014="8" value016="70" value017="1138" value018="113" value019="113" value019a="0" value022="" value023a="0xe7cd6c" value024a="0.40" value023b="0xffffff" value024b="0.00" value025a="false" value025b="false" value020="adRjyC8JFMo" value028="640" value029="480" value020b="" value022a="" value020d="youtube"/>
		<value012 value013="hot" value013a="pvl" value014="8" value016="932" value017="1202" value018="111" value019="111" value019a="0" value022="" value023a="0xe7cd6c" value024a="0.40" value023b="0xffffff" value024b="0.00" value025a="false" value025b="false" value020="I_lAZOk1WM0" value028="640" value029="480" value020b="" value022a="" value020d="youtube"/>
		<value012 value013="hot" value013a="wl" value014="9" value016="417" value017="226" value018="376" value019="21" value019a="0" value022="" value023a="0xe7cd6c" value024a="0.40" value023b="0xffffff" value024b="0.00" value025a="false" value025b="false" value020="http://ucdavis.edu/admissions/undergraduate"/>
		<value012 value013="hot" value013a="wl" value014="9" value016="826" value017="226" value018="293" value019="21" value019a="0" value022="" value023a="0xe7cd6c" value024a="0.40" value023b="0xffffff" value024b="0.00" value025a="false" value025b="false" value020="http://caes.ucdavis.edu/students/cdg"/>
		<value012 value013="hot" value013a="wl" value014="9" value016="417" value017="396" value018="387" value019="49" value019a="0" value022="" value023a="0xe7cd6c" value024a="0.40" value023b="0xffffff" value024b="0.00" value025a="false" value025b="false" value020="http://ucdavis.edu/admissions/undergraduate/apply"/>
		<value012 value013="hot" value013a="wl" value014="9" value016="826" value017="445" value018="270" value019="46" value019a="0" value022="" value023a="0xe7cd6c" value024a="0.40" value023b="0xffffff" value024b="0.00" value025a="false" value025b="false" value020="https://caes.ucdavis.edu/students/aggie-jumpstart"/>
		<value012 value013="hot" value013a="wl" value014="9" value016="417" value017="571" value018="230" value019="21" value019a="0" value022="" value023a="0xe7cd6c" value024a="0.40" value023b="0xffffff" value024b="0.00" value025a="false" value025b="false" value020="http://financialaid.ucdavis.edu"/>
		<value012 value013="hot" value013a="em" value014="9" value016="75" value017="709" value018="195" value019="17" value019a="0" value022="" value023a="0xe7cd6c" value024a="0.40" value023b="0xffffff" value024b="0.00" value025a="false" value025b="false" value020="caesadvising@ucdavis.edu"/>
		<value012 value013="hot" value013a="wl" value014="9" value016="75" value017="730" value018="126" value019="16" value019a="0" value022="" value023a="0xe7cd6c" value024a="0.40" value023b="0xffffff" value024b="0.00" value025a="false" value025b="false" value020="http://caes.ucdavis.edu"/>
		<value012 value013="hot" value013a="wl" value014="9" value016="417" value017="769" value018="251" value019="21" value019a="0" value022="" value023a="0xe7cd6c" value024a="0.40" value023b="0xffffff" value024b="0.00" value025a="false" value025b="false" value020="http://caes.ucdavis.edu/students"/>
		<value012 value013="hot" value013a="wl" value014="9" value016="417" value017="1125" value018="145" value019="21" value019a="0" value022="" value023a="0xe7cd6c" value024a="0.40" value023b="0xffffff" value024b="0.00" value025a="false" value025b="false" value020="http://icc.ucdavis.edu"/>
		<value012 value013="hot" value013a="wl" value014="10" value016="94" value017="727" value018="83" value019="19" value019a="0" value022="" value023a="0xe7cd6c" value024a="0.40" value023b="0xffffff" value024b="0.00" value025a="false" value025b="false" value020="http://assist.org"/>
		<value012 value013="hot" value013a="wl" value014="10" value016="60" value017="1117" value018="171" value019="19" value019a="0" value022="" value023a="0xe7cd6c" value024a="0.40" value023b="0xffffff" value024b="0.00" value025a="false" value025b="false" value020="http://catalog.ucdavis.edu"/>
		<value012 value013="hot" value013a="wl" value014="11" value016="1055" value017="1509" value018="141" value019="16" value019a="0" value022="" value023a="0xe7cd6c" value024a="0.40" value023b="0xffffff" value024b="0.00" value025a="false" value025b="false" value020="http://catalog.ucdavis.edu"/>
		<value012 value013="hot" value013a="wl" value014="12" value016="504" value017="1236" value018="183" value019="21" value019a="0" value022="" value023a="0xe7cd6c" value024a="0.40" value023b="0xffffff" value024b="0.00" value025a="false" value025b="false" value020="http://mobile.ucdavis.edu"/>
		<value012 value013="hot" value013a="wl" value014="12" value016="64" value017="1295" value018="377" value019="23" value019a="0" value022="" value023a="0xe7cd6c" value024a="0.40" value023b="0xffffff" value024b="0.00" value025a="false" value025b="false" value020="http://caes.ucdavis.edu/news/social-media"/>
		<value012 value013="hot" value013a="wl" value014="12" value016="504" value017="1311" value018="233" value019="21" value019a="0" value022="" value023a="0xe7cd6c" value024a="0.40" value023b="0xffffff" value024b="0.00" value025a="false" value025b="false" value020="http://visit.ucdavis.edu/tourreg"/>
		<value012 value013="hot" value013a="wl" value014="12" value016="903" value017="1430" value018="140" value019="18" value019a="0" value022="" value023a="0xe7cd6c" value024a="0.40" value023b="0xffffff" value024b="0.00" value025a="false" value025b="false" value020="http://caes.ucdavis.edu"/>
		<value012 value013="hot" value013a="wl" value014="12" value016="504" value017="1441" value018="225" value019="21" value019a="0" value022="" value023a="0xe7cd6c" value024a="0.40" value023b="0xffffff" value024b="0.00" value025a="false" value025b="false" value020="http://ucdavis.edu/virtual-tour"/>
		<value012 value013="hot" value013a="wl" value014="12" value016="504" value017="1518" value018="163" value019="21" value019a="0" value022="" value023a="0xe7cd6c" value024a="0.40" value023b="0xffffff" value024b="0.00" value025a="false" value025b="false" value020="http://caes.ucdavis.edu"/>
		<value012 value013="hot" value013a="pho" value014="12" value016="900" value017="1404" value018="128" value019="24" value019a="0" value022="" value023a="0xe7cd6c" value024a="0.40" value023b="0xffffff" value024b="0.00" value025a="false" value025b="false" value020="+1530-752-0108" value020a="+1US"/>
	</value001>
</value000>