﻿<?xml version="1.0" encoding="UTF-8" standalone="yes"?>
<results>
	<page pageNumber="1">
		<paragraph><![CDATA[Majors and Minors ]]></paragraph>
		<paragraph><![CDATA[Explore your interests and gain hands-on experience in agriculture, ]]></paragraph>
		<paragraph><![CDATA[environment, human needs and social sciences at the College of ]]></paragraph>
		<paragraph><![CDATA[Agricultural and Environmental Sciences (CA&ES). Choose from any ]]></paragraph>
		<paragraph><![CDATA[of our 28 majors and 40 minors, including an exploratory/undeclared ]]></paragraph>
		<paragraph><![CDATA[option. You will be learning from today’s top scientists and faculty at ]]></paragraph>
		<paragraph><![CDATA[an internationally-recognized school with outstanding academics and ]]></paragraph>
		<paragraph><![CDATA[a diverse, active student community. ]]></paragraph>
		<paragraph><![CDATA[This guide will help you get to know all of our majors and choose the ]]></paragraph>
		<paragraph><![CDATA[one that will help you follow your passion and begin your career path. ]]></paragraph>
		<paragraph><![CDATA[MAJORS Agricultural and Environmental Education ]]></paragraph>
		<paragraph><![CDATA[Animal Biology ]]></paragraph>
		<paragraph><![CDATA[Animal Science ]]></paragraph>
		<paragraph><![CDATA[Animal Science and Management ]]></paragraph>
		<paragraph><![CDATA[Atmospheric Science ]]></paragraph>
		<paragraph><![CDATA[Biotechnology Clinical Nutrition ]]></paragraph>
		<paragraph><![CDATA[Community and Regional Development ]]></paragraph>
		<paragraph><![CDATA[Ecological Management and Restoration ]]></paragraph>
		<paragraph><![CDATA[Environmental Policy Analysis and ]]></paragraph>
		<paragraph><![CDATA[	Planning Nutrition Science ]]></paragraph>
		<paragraph><![CDATA[Environmental Science and Management ]]></paragraph>
		<paragraph><![CDATA[Sustainable Agriculture and Food Systems ]]></paragraph>
		<paragraph><![CDATA[Environmental Toxicology ]]></paragraph>
		<paragraph><![CDATA[Food Science ]]></paragraph>
		<paragraph><![CDATA[Global Disease Biology ]]></paragraph>
		<paragraph><![CDATA[Human Development ]]></paragraph>
		<paragraph><![CDATA[Hydrology Plant Sciences ]]></paragraph>
		<paragraph><![CDATA[Sustainable Environmental Design ]]></paragraph>
		<paragraph><![CDATA[Viticulture and Enology ]]></paragraph>
		<paragraph><![CDATA[Wildlife, Fish, and Conservation Biology ]]></paragraph>
		<paragraph><![CDATA[Undeclared/Exploratory Program ]]></paragraph>
		<paragraph><![CDATA[International Agricultural Development ]]></paragraph>
		<paragraph><![CDATA[Entomology Landscape Architecture ]]></paragraph>
		<paragraph><![CDATA[Environmental Horticulture and ]]></paragraph>
		<paragraph><![CDATA[	 Urban Forestry ]]></paragraph>
		<paragraph><![CDATA[Marine and Coastal Science ]]></paragraph>
		<paragraph><![CDATA[Managerial Economics ]]></paragraph>
		<paragraph><![CDATA[MINORS Aging and Adult Development ]]></paragraph>
		<paragraph><![CDATA[Environmental Horticulture ]]></paragraph>
		<paragraph><![CDATA[International Agricultural Development ]]></paragraph>
		<paragraph><![CDATA[Agricultural Pest Management ]]></paragraph>
		<paragraph><![CDATA[Environmental Policy Analysis and ]]></paragraph>
		<paragraph><![CDATA[	Planning International Science Studies ]]></paragraph>
		<paragraph><![CDATA[Environmental Toxicology ]]></paragraph>
		<paragraph><![CDATA[Managerial Economics ]]></paragraph>
		<paragraph><![CDATA[Agricultural Systems and Environment ]]></paragraph>
		<paragraph><![CDATA[Animal Science—Animal Biology ]]></paragraph>
		<paragraph><![CDATA[Animal Science—Animal Genetics ]]></paragraph>
		<paragraph><![CDATA[Animal Science—Aquaculture ]]></paragraph>
		<paragraph><![CDATA[Animal Science—Dairy/Livestock ]]></paragraph>
		<paragraph><![CDATA[Animal Science—Equine ]]></paragraph>
		<paragraph><![CDATA[Atmospheric Science ]]></paragraph>
		<paragraph><![CDATA[Avian Sciences ]]></paragraph>
		<paragraph><![CDATA[Climate Science and Policy ]]></paragraph>
		<paragraph><![CDATA[Community Development ]]></paragraph>
		<paragraph><![CDATA[Community Nutrition ]]></paragraph>
		<paragraph><![CDATA[Contemporary Leadership ]]></paragraph>
		<paragraph><![CDATA[Food Service Management ]]></paragraph>
		<paragraph><![CDATA[Forensic Entomology ]]></paragraph>
		<paragraph><![CDATA[Fungal Biology and Ecology ]]></paragraph>
		<paragraph><![CDATA[Geographic Information Systems ]]></paragraph>
		<paragraph><![CDATA[Geographic Studies ]]></paragraph>
		<paragraph><![CDATA[Global Disease Biology ]]></paragraph>
		<paragraph><![CDATA[Human Development ]]></paragraph>
		<paragraph><![CDATA[Hydrology Insect Biology ]]></paragraph>
		<paragraph><![CDATA[Insect Ecology and Evolution ]]></paragraph>
		<paragraph><![CDATA[Landscape Restoration ]]></paragraph>
		<paragraph><![CDATA[Medical–Veterinary Entomology ]]></paragraph>
		<paragraph><![CDATA[Nematology Nutrition and Food ]]></paragraph>
		<paragraph><![CDATA[Nutrition Science ]]></paragraph>
		<paragraph><![CDATA[Precision Agriculture ]]></paragraph>
		<paragraph><![CDATA[Science and Society ]]></paragraph>
		<paragraph><![CDATA[Soil Science ]]></paragraph>
		<paragraph><![CDATA[Watershed Science ]]></paragraph>
		<paragraph><![CDATA[Wildlife, Fish, and Conservation Biology ]]></paragraph>
		<paragraph><![CDATA[]]></paragraph>
	</page>
	<page pageNumber="2">
		<paragraph><![CDATA[Agricultural and ]]></paragraph>
		<paragraph><![CDATA[Environmental Education ]]></paragraph>
		<paragraph><![CDATA[Gain a foundation in agricultural ]]></paragraph>
		<paragraph><![CDATA[and environmental sciences, as well ]]></paragraph>
		<paragraph><![CDATA[as educational theory and practice, ]]></paragraph>
		<paragraph><![CDATA[by attaining skills in teaching, ]]></paragraph>
		<paragraph><![CDATA[communications and outreach. ]]></paragraph>
		<paragraph><![CDATA[Careers: • 	Academic advisor/counselor ]]></paragraph>
		<paragraph><![CDATA[• 	Agriculture curriculum writer ]]></paragraph>
		<paragraph><![CDATA[Animal Biology ]]></paragraph>
		<paragraph><![CDATA[Use the process and principles ]]></paragraph>
		<paragraph><![CDATA[of science, contemporary ]]></paragraph>
		<paragraph><![CDATA[thinking in biology and a team ]]></paragraph>
		<paragraph><![CDATA[approach to solve problems of ]]></paragraph>
		<paragraph><![CDATA[a biological nature. ]]></paragraph>
		<paragraph><![CDATA[Careers: • 	Epidemiologist ]]></paragraph>
		<paragraph><![CDATA[• 	Fisheries/wildlife biologist ]]></paragraph>
		<paragraph><![CDATA[• 	Agricultural extension educator ]]></paragraph>
		<paragraph><![CDATA[• 	Geneticist/molecular biologist/	 ]]></paragraph>
		<paragraph><![CDATA[	genomics • 	Community organizer/advocate ]]></paragraph>
		<paragraph><![CDATA[• 	Physician/health professions ]]></paragraph>
		<paragraph><![CDATA[• 	Environmental science educator ]]></paragraph>
		<paragraph><![CDATA[• 	Professor ]]></paragraph>
		<paragraph><![CDATA[• 	High school agricultural education 	 ]]></paragraph>
		<paragraph><![CDATA[	teacher • 	Research scientist ]]></paragraph>
		<paragraph><![CDATA[• 	Museum educator/docent/ ]]></paragraph>
		<paragraph><![CDATA[	 outdoor education specialist ]]></paragraph>
		<paragraph><![CDATA[• 	Veterinarian ]]></paragraph>
		<paragraph><![CDATA[• 	Writer/journalist ]]></paragraph>
		<paragraph><![CDATA[• 	Youth development educator ]]></paragraph>
		<paragraph><![CDATA[•	 Agricultural sales and/or marketing ]]></paragraph>
		<paragraph><![CDATA[Specializations: • 	Agricultural Business and ]]></paragraph>
		<paragraph><![CDATA[	Economics • 	Animal Science ]]></paragraph>
		<paragraph><![CDATA[• 	Applied Biological Systems ]]></paragraph>
		<paragraph><![CDATA[	Technology • 	Environmental Horticulture ]]></paragraph>
		<paragraph><![CDATA[• 	Environmental Science and ]]></paragraph>
		<paragraph><![CDATA[	 Natural Resources ]]></paragraph>
		<paragraph><![CDATA[• 	Plant and Soil Science ]]></paragraph>
		<paragraph><![CDATA[Contact Information: ]]></paragraph>
		<paragraph><![CDATA[1202 Meyer Hall ]]></paragraph>
		<paragraph><![CDATA[530-754-7915 asac@ucdavis.edu ]]></paragraph>
		<paragraph><![CDATA[animalscience.ucdavis.edu/asac/ aee-major.html ]]></paragraph>
		<paragraph><![CDATA[• 	Teacher/educator ]]></paragraph>
		<paragraph><![CDATA[• 	Zookeeper/zoo manager ]]></paragraph>
		<paragraph><![CDATA[Contact Information: ]]></paragraph>
		<paragraph><![CDATA[160 Hutchison Hall ]]></paragraph>
		<paragraph><![CDATA[530-754-7277 abi-advising@ucdavis.edu ]]></paragraph>
		<paragraph><![CDATA[ucdavis.edu/majors/animal-biology Animal Science ]]></paragraph>
		<paragraph><![CDATA[Learn about the biology, management ]]></paragraph>
		<paragraph><![CDATA[and utilization of domestic and ]]></paragraph>
		<paragraph><![CDATA[captive animals by focusing on ]]></paragraph>
		<paragraph><![CDATA[modern, efficient and humane ways ]]></paragraph>
		<paragraph><![CDATA[to make the best use and care of ]]></paragraph>
		<paragraph><![CDATA[the animals people encounter on ]]></paragraph>
		<paragraph><![CDATA[a daily basis. ]]></paragraph>
		<paragraph><![CDATA[Careers: • 	Animal caretaker/zookeeper ]]></paragraph>
		<paragraph><![CDATA[• 	Animal nutritionist ]]></paragraph>
		<paragraph><![CDATA[• 	Aquaculturist ]]></paragraph>
		<paragraph><![CDATA[• 	Farmer/rancher ]]></paragraph>
		<paragraph><![CDATA[Animal Science and ]]></paragraph>
		<paragraph><![CDATA[Management Incorporate marketing, economics ]]></paragraph>
		<paragraph><![CDATA[and accounting skills into businesses ]]></paragraph>
		<paragraph><![CDATA[and careers working with animals and ]]></paragraph>
		<paragraph><![CDATA[related agricultural industries. ]]></paragraph>
		<paragraph><![CDATA[Careers: • 	Agriculture commodity analyst ]]></paragraph>
		<paragraph><![CDATA[• 	Animal health/veterinarian ]]></paragraph>
		<paragraph><![CDATA[• 	Farmer/rancher ]]></paragraph>
		<paragraph><![CDATA[• 	Feed/pet store manager ]]></paragraph>
		<paragraph><![CDATA[• 	Livestock production manager ]]></paragraph>
		<paragraph><![CDATA[• 	K-12 teacher ]]></paragraph>
		<paragraph><![CDATA[• 	Marketing specialist ]]></paragraph>
		<paragraph><![CDATA[• 	Livestock producer/breeder ]]></paragraph>
		<paragraph><![CDATA[• 	Owner/operator of animal-based 	 ]]></paragraph>
		<paragraph><![CDATA[	businesses • 	Pharmaceutical sales ]]></paragraph>
		<paragraph><![CDATA[	representative • 	Pet food manufacturer ]]></paragraph>
		<paragraph><![CDATA[• 	Technical service representative ]]></paragraph>
		<paragraph><![CDATA[• 	Pharmaceutical sales/consultant ]]></paragraph>
		<paragraph><![CDATA[• 	USDA or state inspector ]]></paragraph>
		<paragraph><![CDATA[• 	Small animal facility manager ]]></paragraph>
		<paragraph><![CDATA[• 	Veterinarian ]]></paragraph>
		<paragraph><![CDATA[Specializations: • 	Aquatic Animals ]]></paragraph>
		<paragraph><![CDATA[Specializations: • 	Animal Science with a Disciplinary 	 ]]></paragraph>
		<paragraph><![CDATA[	 Focus (Behavior, Biochemistry, 	 ]]></paragraph>
		<paragraph><![CDATA[	 Genetics, Nutrition or Physiology) ]]></paragraph>
		<paragraph><![CDATA[• 	Aquatic Animals ]]></paragraph>
		<paragraph><![CDATA[• 	Avian Sciences ]]></paragraph>
		<paragraph><![CDATA[• 	Companion and Captive Animals ]]></paragraph>
		<paragraph><![CDATA[• 	Equine Science ]]></paragraph>
		<paragraph><![CDATA[• 	Laboratory Animals ]]></paragraph>
		<paragraph><![CDATA[• 	Livestock and Dairy ]]></paragraph>
		<paragraph><![CDATA[• 	Poultry ]]></paragraph>
		<paragraph><![CDATA[Contact Information: ]]></paragraph>
		<paragraph><![CDATA[1202 Meyer Hall ]]></paragraph>
		<paragraph><![CDATA[530-754-7915 asac@ucdavis.edu ]]></paragraph>
		<paragraph><![CDATA[animalscience.ucdavis.edu/asac/ ans-major.htm ]]></paragraph>
		<paragraph><![CDATA[• 	Companion Animals ]]></paragraph>
		<paragraph><![CDATA[• 	Dairy ]]></paragraph>
		<paragraph><![CDATA[• 	Equine ]]></paragraph>
		<paragraph><![CDATA[• 	Livestock ]]></paragraph>
		<paragraph><![CDATA[• 	Poultry ]]></paragraph>
		<paragraph><![CDATA[• 	Individualized ]]></paragraph>
		<paragraph><![CDATA[Contact Information: ]]></paragraph>
		<paragraph><![CDATA[1202 Meyer Hall ]]></paragraph>
		<paragraph><![CDATA[530-754-7915 asac@ucdavis.edu ]]></paragraph>
		<paragraph><![CDATA[animalscience.ucdavis.edu/asac/ anm-major.html ]]></paragraph>
		<paragraph><![CDATA[]]></paragraph>
	</page>
	<page pageNumber="3">
		<paragraph><![CDATA[]]></paragraph>
		<paragraph><![CDATA[Atmospheric Science ]]></paragraph>
		<paragraph><![CDATA[Discover how humans and ]]></paragraph>
		<paragraph><![CDATA[ecosystems interact with weather, ]]></paragraph>
		<paragraph><![CDATA[climate and air quality. Gain a ]]></paragraph>
		<paragraph><![CDATA[predictive understanding of the ]]></paragraph>
		<paragraph><![CDATA[atmosphere to guide decisions ]]></paragraph>
		<paragraph><![CDATA[about Earth’s most important natural ]]></paragraph>
		<paragraph><![CDATA[resource—the air we breathe. ]]></paragraph>
		<paragraph><![CDATA[Careers: •	 Air quality specialist/scientist ]]></paragraph>
		<paragraph><![CDATA[•	 Atmospheric chemist ]]></paragraph>
		<paragraph><![CDATA[•	 Atmospheric science researcher ]]></paragraph>
		<paragraph><![CDATA[•	 Broadcast meteorologist ]]></paragraph>
		<paragraph><![CDATA[•	 Climate scientist ]]></paragraph>
		<paragraph><![CDATA[•	Educator •	 Environmental scientist ]]></paragraph>
		<paragraph><![CDATA[•	Meteorologist •	 Renewable energy consultant ]]></paragraph>
		<paragraph><![CDATA[•	 Weather forecaster ]]></paragraph>
		<paragraph><![CDATA[Contact Information: ]]></paragraph>
		<paragraph><![CDATA[1150 Plant and Environmental ]]></paragraph>
		<paragraph><![CDATA[Sciences Building ]]></paragraph>
		<paragraph><![CDATA[530-752-1603 lawradvising@ucdavis.edu ]]></paragraph>
		<paragraph><![CDATA[lawr.ucdavis.edu Biotechnology ]]></paragraph>
		<paragraph><![CDATA[Focus on the mechanics of life ]]></paragraph>
		<paragraph><![CDATA[processes and their applications to ]]></paragraph>
		<paragraph><![CDATA[improve human and animal health, ]]></paragraph>
		<paragraph><![CDATA[food safety, energy production ]]></paragraph>
		<paragraph><![CDATA[and environmental quality. This ]]></paragraph>
		<paragraph><![CDATA[multidisciplinary field has an impact ]]></paragraph>
		<paragraph><![CDATA[on almost every aspect of modern ]]></paragraph>
		<paragraph><![CDATA[human life. ]]></paragraph>
		<paragraph><![CDATA[Careers: • Biofuel specialist ]]></paragraph>
		<paragraph><![CDATA[• Bioinformatics ]]></paragraph>
		<paragraph><![CDATA[• Biomedical engineer ]]></paragraph>
		<paragraph><![CDATA[• Food scientist ]]></paragraph>
		<paragraph><![CDATA[• Genetic counselor ]]></paragraph>
		<paragraph><![CDATA[• Microbiologist ]]></paragraph>
		<paragraph><![CDATA[• Molecular biologist ]]></paragraph>
		<paragraph><![CDATA[• Pharmacist ]]></paragraph>
		<paragraph><![CDATA[• Physician ]]></paragraph>
		<paragraph><![CDATA[• Plant breeder ]]></paragraph>
		<paragraph><![CDATA[Specializations: •	 Animal Biotechnology ]]></paragraph>
		<paragraph><![CDATA[•	Bioinformatics •	Fermentation/Microbiology ]]></paragraph>
		<paragraph><![CDATA[•	 Plant Biotechnology ]]></paragraph>
		<paragraph><![CDATA[Contact Information: ]]></paragraph>
		<paragraph><![CDATA[1220 Plant and Environmental ]]></paragraph>
		<paragraph><![CDATA[Sciences Building ]]></paragraph>
		<paragraph><![CDATA[530-752-1715 biotechmajor.ucdavis.edu ]]></paragraph>
		<paragraph><![CDATA[Clinical Nutrition ]]></paragraph>
		<paragraph><![CDATA[Apply principles of nutrition to ]]></paragraph>
		<paragraph><![CDATA[guide people to eat healthier ]]></paragraph>
		<paragraph><![CDATA[diets by means of nutrition ]]></paragraph>
		<paragraph><![CDATA[therapy, education and research in ]]></paragraph>
		<paragraph><![CDATA[hospitals, schools or communities. ]]></paragraph>
		<paragraph><![CDATA[Fully accredited. ]]></paragraph>
		<paragraph><![CDATA[Careers: •	 Dietetic technician ]]></paragraph>
		<paragraph><![CDATA[•	 Nutrition educator ]]></paragraph>
		<paragraph><![CDATA[•	 Food and drug investigator ]]></paragraph>
		<paragraph><![CDATA[Community and Regional ]]></paragraph>
		<paragraph><![CDATA[Development Build skills to manage communities ]]></paragraph>
		<paragraph><![CDATA[and understand and shape economic ]]></paragraph>
		<paragraph><![CDATA[and sociocultural forces transforming ]]></paragraph>
		<paragraph><![CDATA[organizations. Careers: ]]></paragraph>
		<paragraph><![CDATA[• 	Attorney ]]></paragraph>
		<paragraph><![CDATA[• 	Community development ]]></paragraph>
		<paragraph><![CDATA[	coordinator •	 Food safety specialist ]]></paragraph>
		<paragraph><![CDATA[• Community organizer and ]]></paragraph>
		<paragraph><![CDATA[	advocate •	 Food service director ]]></paragraph>
		<paragraph><![CDATA[• 	Economic development analyst ]]></paragraph>
		<paragraph><![CDATA[•	 Health and wellness educator ]]></paragraph>
		<paragraph><![CDATA[• 	Human resource manager ]]></paragraph>
		<paragraph><![CDATA[•	 Nurse/physician’s assistant ]]></paragraph>
		<paragraph><![CDATA[• 	Nonprofit administrator ]]></paragraph>
		<paragraph><![CDATA[•	 Degreed nutritionist ]]></paragraph>
		<paragraph><![CDATA[• Public service ]]></paragraph>
		<paragraph><![CDATA[•	 Nutrition policy analyst ]]></paragraph>
		<paragraph><![CDATA[• 	Social entrepreneur ]]></paragraph>
		<paragraph><![CDATA[•	 Registered dietitian ]]></paragraph>
		<paragraph><![CDATA[• 	Social worker ]]></paragraph>
		<paragraph><![CDATA[Contact Information: ]]></paragraph>
		<paragraph><![CDATA[3202 Meyer Hall ]]></paragraph>
		<paragraph><![CDATA[530-752-2512 or 530-752-7094 ]]></paragraph>
		<paragraph><![CDATA[nutritionadvising@ucdavis.edu nutrition.ucdavis.edu ]]></paragraph>
		<paragraph><![CDATA[• 	Urban and/or regional planner ]]></paragraph>
		<paragraph><![CDATA[Specializations: •	 Global Communities ]]></paragraph>
		<paragraph><![CDATA[•	 Organization and Management ]]></paragraph>
		<paragraph><![CDATA[•	 Policy, Planning and Social ]]></paragraph>
		<paragraph><![CDATA[	Services Contact Information: ]]></paragraph>
		<paragraph><![CDATA[1303 Hart Hall ]]></paragraph>
		<paragraph><![CDATA[530-752-2244 hcd.ucdavis.edu ]]></paragraph>
		<paragraph><![CDATA[]]></paragraph>
	</page>
	<page pageNumber="4">
		<paragraph><![CDATA[Ecological Management and ]]></paragraph>
		<paragraph><![CDATA[Restoration Manage and restore wild and ]]></paragraph>
		<paragraph><![CDATA[rangeland plant communities by ]]></paragraph>
		<paragraph><![CDATA[gaining an understanding of how ]]></paragraph>
		<paragraph><![CDATA[natural and managed ecosystems ]]></paragraph>
		<paragraph><![CDATA[function and interact with human ]]></paragraph>
		<paragraph><![CDATA[society. Careers: ]]></paragraph>
		<paragraph><![CDATA[• 	Environmental restoration ]]></paragraph>
		<paragraph><![CDATA[	practitioner • 	Environmental scientist ]]></paragraph>
		<paragraph><![CDATA[• 	Farm/rangeland manager ]]></paragraph>
		<paragraph><![CDATA[• 	Natural resource manager ]]></paragraph>
		<paragraph><![CDATA[• 	Natural resources conservation 	 ]]></paragraph>
		<paragraph><![CDATA[	specialist Entomology ]]></paragraph>
		<paragraph><![CDATA[Gain an understanding of insects ]]></paragraph>
		<paragraph><![CDATA[and their diversity while focusing ]]></paragraph>
		<paragraph><![CDATA[on the importance of insects to ]]></paragraph>
		<paragraph><![CDATA[science, the economy, environment ]]></paragraph>
		<paragraph><![CDATA[and public health. ]]></paragraph>
		<paragraph><![CDATA[Careers: •	 Agricultural inspector ]]></paragraph>
		<paragraph><![CDATA[•	 Apiculturist (beekeeper) ]]></paragraph>
		<paragraph><![CDATA[•	Biosecurity •	Educator ]]></paragraph>
		<paragraph><![CDATA[•	 Forensic scientist ]]></paragraph>
		<paragraph><![CDATA[•	 Insect biologist ]]></paragraph>
		<paragraph><![CDATA[•	 Integrated pest management 	 ]]></paragraph>
		<paragraph><![CDATA[	consultant Environmental Horticulture ]]></paragraph>
		<paragraph><![CDATA[and Urban Forestry ]]></paragraph>
		<paragraph><![CDATA[Improve the environment and quality ]]></paragraph>
		<paragraph><![CDATA[of life through floriculture, urban ]]></paragraph>
		<paragraph><![CDATA[forestry and landscape restoration. ]]></paragraph>
		<paragraph><![CDATA[Also gain an understanding of ]]></paragraph>
		<paragraph><![CDATA[plant production, management ]]></paragraph>
		<paragraph><![CDATA[and biology. ]]></paragraph>
		<paragraph><![CDATA[Careers: •	 Botanical garden manager ]]></paragraph>
		<paragraph><![CDATA[•	 Certified arborist ]]></paragraph>
		<paragraph><![CDATA[•	 City forester/urban forester ]]></paragraph>
		<paragraph><![CDATA[•	 Greenhouse/nursery manager ]]></paragraph>
		<paragraph><![CDATA[•	 Irrigation engineer ]]></paragraph>
		<paragraph><![CDATA[•	 Landscape contractor ]]></paragraph>
		<paragraph><![CDATA[•	 Medical/veterinary entomologist ]]></paragraph>
		<paragraph><![CDATA[•	 Native plant propagator ]]></paragraph>
		<paragraph><![CDATA[•	 Museum curator ]]></paragraph>
		<paragraph><![CDATA[•	 Restoration practitioner ]]></paragraph>
		<paragraph><![CDATA[• 	Parks or forest botanist ]]></paragraph>
		<paragraph><![CDATA[•	 Pest control advisor ]]></paragraph>
		<paragraph><![CDATA[•	 Revegetation consultant ]]></paragraph>
		<paragraph><![CDATA[• 	Rangeland ecologist ]]></paragraph>
		<paragraph><![CDATA[Contact Information: ]]></paragraph>
		<paragraph><![CDATA[150 and 152 Hutchison Hall ]]></paragraph>
		<paragraph><![CDATA[530-754-7277 entomology.ucdavis.edu ]]></paragraph>
		<paragraph><![CDATA[• 	Naturalist/outdoor education 	 ]]></paragraph>
		<paragraph><![CDATA[	specialist • 	Reserve manager ]]></paragraph>
		<paragraph><![CDATA[• 	Restoration ecologist ]]></paragraph>
		<paragraph><![CDATA[Contact Information: ]]></paragraph>
		<paragraph><![CDATA[1220 Plant and Environmental ]]></paragraph>
		<paragraph><![CDATA[Sciences Building ]]></paragraph>
		<paragraph><![CDATA[530-752-9770 plantsciences.ucdavis.edu ]]></paragraph>
		<paragraph><![CDATA[•	 Seed producer ]]></paragraph>
		<paragraph><![CDATA[Specializations: •	Floriculture/Nursery ]]></paragraph>
		<paragraph><![CDATA[•	 Urban Landscape Management ]]></paragraph>
		<paragraph><![CDATA[•	 Plant Biodiversity/Restoration ]]></paragraph>
		<paragraph><![CDATA[Contact Information: ]]></paragraph>
		<paragraph><![CDATA[1220 Plant and Environmental ]]></paragraph>
		<paragraph><![CDATA[Sciences Building ]]></paragraph>
		<paragraph><![CDATA[530-752-9770 plantsciences.ucdavis.edu ]]></paragraph>
		<paragraph><![CDATA[Environmental Policy ]]></paragraph>
		<paragraph><![CDATA[Analysis and Planning ]]></paragraph>
		<paragraph><![CDATA[Cultivate skills in evaluating ]]></paragraph>
		<paragraph><![CDATA[environmental policy, transportation ]]></paragraph>
		<paragraph><![CDATA[and planning, and natural resource ]]></paragraph>
		<paragraph><![CDATA[management. Develop a deep ]]></paragraph>
		<paragraph><![CDATA[understanding of the legal, ]]></paragraph>
		<paragraph><![CDATA[economic, political and scientific ]]></paragraph>
		<paragraph><![CDATA[issues involved in policymaking. ]]></paragraph>
		<paragraph><![CDATA[Careers: •	 Air pollution analyst ]]></paragraph>
		<paragraph><![CDATA[•	 Energy policy specialist ]]></paragraph>
		<paragraph><![CDATA[•	 Environmental advocate ]]></paragraph>
		<paragraph><![CDATA[•	 Environmental attorney ]]></paragraph>
		<paragraph><![CDATA[•	 Legislative aid/legislator ]]></paragraph>
		<paragraph><![CDATA[•	 Natural resource analyst ]]></paragraph>
		<paragraph><![CDATA[•	 Transportation planner ]]></paragraph>
		<paragraph><![CDATA[•	 Urban and/or regional planner ]]></paragraph>
		<paragraph><![CDATA[•	 Water quality specialist ]]></paragraph>
		<paragraph><![CDATA[•	Writer/journalist Specializations: ]]></paragraph>
		<paragraph><![CDATA[•	 City and Regional Planning ]]></paragraph>
		<paragraph><![CDATA[•	 Climate Change Policy ]]></paragraph>
		<paragraph><![CDATA[•	 Conservation Management ]]></paragraph>
		<paragraph><![CDATA[•	 Energy and Transportation ]]></paragraph>
		<paragraph><![CDATA[	Planning •	 Environmental Policy and Politics ]]></paragraph>
		<paragraph><![CDATA[•	 Integrative Policy ]]></paragraph>
		<paragraph><![CDATA[•	 Water Management ]]></paragraph>
		<paragraph><![CDATA[Contact Information: ]]></paragraph>
		<paragraph><![CDATA[2134 Wickson Hall ]]></paragraph>
		<paragraph><![CDATA[530-752-7183 desp.ucdavis.edu ]]></paragraph>
		<paragraph><![CDATA[]]></paragraph>
	</page>
	<page pageNumber="5">
		<paragraph><![CDATA[]]></paragraph>
		<paragraph><![CDATA[Environmental Science and ]]></paragraph>
		<paragraph><![CDATA[Management Explore the interaction of physical, ]]></paragraph>
		<paragraph><![CDATA[chemical, biological and social ]]></paragraph>
		<paragraph><![CDATA[components of environmental ]]></paragraph>
		<paragraph><![CDATA[problems. Gain an understanding ]]></paragraph>
		<paragraph><![CDATA[of the natural science behind ]]></paragraph>
		<paragraph><![CDATA[environmental problems and how ]]></paragraph>
		<paragraph><![CDATA[science impacts environmental ]]></paragraph>
		<paragraph><![CDATA[decision-making. Careers: ]]></paragraph>
		<paragraph><![CDATA[•	 Atmospheric scientist ]]></paragraph>
		<paragraph><![CDATA[•	 Conservation biologist ]]></paragraph>
		<paragraph><![CDATA[•	Ecologist •	 Environmental attorney ]]></paragraph>
		<paragraph><![CDATA[•	 Environmental educator ]]></paragraph>
		<paragraph><![CDATA[•	 Environmental impact specialist ]]></paragraph>
		<paragraph><![CDATA[•	 Geographic Information Systems 	 ]]></paragraph>
		<paragraph><![CDATA[	analyst •	 Natural resource manager ]]></paragraph>
		<paragraph><![CDATA[•	 Soil scientist ]]></paragraph>
		<paragraph><![CDATA[•	 Watershed manager ]]></paragraph>
		<paragraph><![CDATA[Specializations: •	 Climate Change and Air Quality ]]></paragraph>
		<paragraph><![CDATA[•	 Ecology, Biodiversity, and ]]></paragraph>
		<paragraph><![CDATA[	Conservation •	 Geospatial Information Science ]]></paragraph>
		<paragraph><![CDATA[•	 Natural Resource Management ]]></paragraph>
		<paragraph><![CDATA[•	 Soils and Biogeochemistry ]]></paragraph>
		<paragraph><![CDATA[•	 Watershed Science ]]></paragraph>
		<paragraph><![CDATA[Contact Information: ]]></paragraph>
		<paragraph><![CDATA[2134 Wickson Hall ]]></paragraph>
		<paragraph><![CDATA[530-752-7183 desp.ucdavis.edu ]]></paragraph>
		<paragraph><![CDATA[or 1150 Plant and Environmental ]]></paragraph>
		<paragraph><![CDATA[Sciences Building ]]></paragraph>
		<paragraph><![CDATA[530-752-1603 lawr.ucdavis.edu ]]></paragraph>
		<paragraph><![CDATA[Environmental Toxicology ]]></paragraph>
		<paragraph><![CDATA[Learn about environmental toxins, ]]></paragraph>
		<paragraph><![CDATA[their environmental fate and ]]></paragraph>
		<paragraph><![CDATA[their impact on humans and other ]]></paragraph>
		<paragraph><![CDATA[species. Understand how the use ]]></paragraph>
		<paragraph><![CDATA[of environmental toxins is regulated ]]></paragraph>
		<paragraph><![CDATA[and monitored. ]]></paragraph>
		<paragraph><![CDATA[Careers: •	 Biohazard specialist ]]></paragraph>
		<paragraph><![CDATA[•	 Environmental attorney ]]></paragraph>
		<paragraph><![CDATA[•	 Environmental chemist ]]></paragraph>
		<paragraph><![CDATA[•	 Environmental compliance analyst ]]></paragraph>
		<paragraph><![CDATA[•	 Environmental consultant ]]></paragraph>
		<paragraph><![CDATA[•	 Forensic scientist ]]></paragraph>
		<paragraph><![CDATA[•	Pharmacist •	Physician ]]></paragraph>
		<paragraph><![CDATA[•	 Public health scientist ]]></paragraph>
		<paragraph><![CDATA[•	 Risk assessment analyst ]]></paragraph>
		<paragraph><![CDATA[Specializations: •	 Ecotoxicology and Environmental 	 ]]></paragraph>
		<paragraph><![CDATA[	Chemistry Food Science ]]></paragraph>
		<paragraph><![CDATA[Explore innovative approaches to ]]></paragraph>
		<paragraph><![CDATA[grow, process, package, store and ]]></paragraph>
		<paragraph><![CDATA[distribute food while building skills ]]></paragraph>
		<paragraph><![CDATA[to improve the convenience, nutri- ]]></paragraph>
		<paragraph><![CDATA[tion, safety, stability, sustainability, ]]></paragraph>
		<paragraph><![CDATA[taste and value of foods. Institute ]]></paragraph>
		<paragraph><![CDATA[of Food Technologists (IFT) ]]></paragraph>
		<paragraph><![CDATA[approved program. ]]></paragraph>
		<paragraph><![CDATA[Careers: •	Brewmaster ]]></paragraph>
		<paragraph><![CDATA[Recognize and solve disease- ]]></paragraph>
		<paragraph><![CDATA[related challenges on a global scale ]]></paragraph>
		<paragraph><![CDATA[by studying the health connections ]]></paragraph>
		<paragraph><![CDATA[between people, animals, plants ]]></paragraph>
		<paragraph><![CDATA[and the environment. ]]></paragraph>
		<paragraph><![CDATA[Careers: • 	Epidemiologist ]]></paragraph>
		<paragraph><![CDATA[• 	Food safety specialist ]]></paragraph>
		<paragraph><![CDATA[• 	Genetic counselor ]]></paragraph>
		<paragraph><![CDATA[•	Chemist • 	Health policy maker ]]></paragraph>
		<paragraph><![CDATA[•	 Food production/supply chain 	 ]]></paragraph>
		<paragraph><![CDATA[	manager • 	Physician/registered nurse ]]></paragraph>
		<paragraph><![CDATA[• 	Plant pathologist ]]></paragraph>
		<paragraph><![CDATA[•	 Food safety specialist ]]></paragraph>
		<paragraph><![CDATA[• 	Public health expert ]]></paragraph>
		<paragraph><![CDATA[•	Microbiologist • 	Science writer/journalist ]]></paragraph>
		<paragraph><![CDATA[•	 Process development engineer ]]></paragraph>
		<paragraph><![CDATA[• 	Veterinarian ]]></paragraph>
		<paragraph><![CDATA[•	 Product development scientist ]]></paragraph>
		<paragraph><![CDATA[•	 Quality assurance specialist ]]></paragraph>
		<paragraph><![CDATA[• 	World Health Organization ]]></paragraph>
		<paragraph><![CDATA[	associate •	 Sales/purchasing representative ]]></paragraph>
		<paragraph><![CDATA[Contact Information: ]]></paragraph>
		<paragraph><![CDATA[•	 Sensory scientist ]]></paragraph>
		<paragraph><![CDATA[150 Hutchison Hall ]]></paragraph>
		<paragraph><![CDATA[530-754-4131 gdb-advise@ucdavis.edu ]]></paragraph>
		<paragraph><![CDATA[gdb.ucdavis.edu •	 Forensic Science and Regulatory 	 ]]></paragraph>
		<paragraph><![CDATA[	Toxicology Specializations: ]]></paragraph>
		<paragraph><![CDATA[•	 Brewing Science ]]></paragraph>
		<paragraph><![CDATA[•	 Molecular and Biomedical ]]></paragraph>
		<paragraph><![CDATA[	Toxicology Contact Information: ]]></paragraph>
		<paragraph><![CDATA[1204 Robert Mondavi Institute– ]]></paragraph>
		<paragraph><![CDATA[South Building ]]></paragraph>
		<paragraph><![CDATA[530-752-3250 bftvadvising@ucdavis.edu ]]></paragraph>
		<paragraph><![CDATA[foodscience.ucdavis.edu Contact Information: ]]></paragraph>
		<paragraph><![CDATA[4111 Meyer Hall ]]></paragraph>
		<paragraph><![CDATA[530-752-1042 etox.ucdavis.edu ]]></paragraph>
		<paragraph><![CDATA[Global Disease Biology ]]></paragraph>
		<paragraph><![CDATA[]]></paragraph>
	</page>
	<page pageNumber="6">
		<paragraph><![CDATA[Human Development ]]></paragraph>
		<paragraph><![CDATA[Understand interactions among ]]></paragraph>
		<paragraph><![CDATA[biological, psychological, social ]]></paragraph>
		<paragraph><![CDATA[and contextual processes in ]]></paragraph>
		<paragraph><![CDATA[humans throughout the life cycle. ]]></paragraph>
		<paragraph><![CDATA[Hydrology Study the occurrence, distribution ]]></paragraph>
		<paragraph><![CDATA[and composition of water. Build ]]></paragraph>
		<paragraph><![CDATA[skills to sustainably manage water ]]></paragraph>
		<paragraph><![CDATA[quantity and quality. ]]></paragraph>
		<paragraph><![CDATA[Careers: •	 Child care director ]]></paragraph>
		<paragraph><![CDATA[Careers: •	Hydrologist ]]></paragraph>
		<paragraph><![CDATA[•	 Community health educator ]]></paragraph>
		<paragraph><![CDATA[•	 Environmental scientist ]]></paragraph>
		<paragraph><![CDATA[•	Counselor/psychologist •	 Environmental consultant ]]></paragraph>
		<paragraph><![CDATA[•	 Human resources director ]]></paragraph>
		<paragraph><![CDATA[•	Hydrogeologist •	 Humanitarian services ]]></paragraph>
		<paragraph><![CDATA[•	Limnologist •	 K-12 teacher ]]></paragraph>
		<paragraph><![CDATA[•	 Wastewater treatment planner ]]></paragraph>
		<paragraph><![CDATA[•	Nurse •	 Physical therapist ]]></paragraph>
		<paragraph><![CDATA[•	Physician •	 Water hygiene engineer ]]></paragraph>
		<paragraph><![CDATA[•	 Water policy analyst ]]></paragraph>
		<paragraph><![CDATA[•	 Water quality specialist ]]></paragraph>
		<paragraph><![CDATA[International Agricultural ]]></paragraph>
		<paragraph><![CDATA[Development Explore ways that culture, ]]></paragraph>
		<paragraph><![CDATA[economics and technology ]]></paragraph>
		<paragraph><![CDATA[affect agriculture and build the ]]></paragraph>
		<paragraph><![CDATA[skills and knowledge to help ]]></paragraph>
		<paragraph><![CDATA[produce and distribute food to the ]]></paragraph>
		<paragraph><![CDATA[people of emerging economies. ]]></paragraph>
		<paragraph><![CDATA[Careers: •	 Agribusiness manager ]]></paragraph>
		<paragraph><![CDATA[•	 Community organizer and ]]></paragraph>
		<paragraph><![CDATA[	advocate •	 Corporate sustainability officer ]]></paragraph>
		<paragraph><![CDATA[•	Economist •	Educator ]]></paragraph>
		<paragraph><![CDATA[•	Farmer/rancher •	 Social worker ]]></paragraph>
		<paragraph><![CDATA[•	 Water resources engineer ]]></paragraph>
		<paragraph><![CDATA[•	 International aid worker ]]></paragraph>
		<paragraph><![CDATA[Contact Information: ]]></paragraph>
		<paragraph><![CDATA[1303 Hart Hall ]]></paragraph>
		<paragraph><![CDATA[530-752-2244 hcd.ucdavis.edu ]]></paragraph>
		<paragraph><![CDATA[Contact Information: ]]></paragraph>
		<paragraph><![CDATA[1150 Plant and Environmental ]]></paragraph>
		<paragraph><![CDATA[Sciences Building ]]></paragraph>
		<paragraph><![CDATA[530-752-1603 lawradvising@ucdavis.edu ]]></paragraph>
		<paragraph><![CDATA[lawr.ucdavis.edu •	 International development ]]></paragraph>
		<paragraph><![CDATA[	practitioner •	 Pest control advisor ]]></paragraph>
		<paragraph><![CDATA[•	 Public interest advocate ]]></paragraph>
		<paragraph><![CDATA[Specializations: •	 Agricultural Production ]]></paragraph>
		<paragraph><![CDATA[•	 Environmental Issues ]]></paragraph>
		<paragraph><![CDATA[•	 Rural Communities ]]></paragraph>
		<paragraph><![CDATA[•	 Trade and Economic ]]></paragraph>
		<paragraph><![CDATA[	Development Contact Information: ]]></paragraph>
		<paragraph><![CDATA[1238 Plant and Environmental ]]></paragraph>
		<paragraph><![CDATA[Sciences Building ]]></paragraph>
		<paragraph><![CDATA[530-752-4839 plantsciences.ucdavis.edu ]]></paragraph>
		<paragraph><![CDATA[Landscape Architecture ]]></paragraph>
		<paragraph><![CDATA[Design and plan landscapes and ]]></paragraph>
		<paragraph><![CDATA[built environments that support ]]></paragraph>
		<paragraph><![CDATA[desired ecological functions, ]]></paragraph>
		<paragraph><![CDATA[integrate sustainable and ]]></paragraph>
		<paragraph><![CDATA[regenerative technologies, ]]></paragraph>
		<paragraph><![CDATA[and foster resilient, equitable ]]></paragraph>
		<paragraph><![CDATA[and inclusive communities. ]]></paragraph>
		<paragraph><![CDATA[Curriculum based on design ]]></paragraph>
		<paragraph><![CDATA[studio work. Fully accredited. ]]></paragraph>
		<paragraph><![CDATA[Careers: • 	Landscape architect ]]></paragraph>
		<paragraph><![CDATA[• 	Landscape ecologist ]]></paragraph>
		<paragraph><![CDATA[• 	Urban designer/planner ]]></paragraph>
		<paragraph><![CDATA[• 	Architectural designer ]]></paragraph>
		<paragraph><![CDATA[• 	Garden designer ]]></paragraph>
		<paragraph><![CDATA[• 	Ecological restoration planner ]]></paragraph>
		<paragraph><![CDATA[• 	Parks and recreation designer/ 	 ]]></paragraph>
		<paragraph><![CDATA[	manager • 	Urban forestry specialist ]]></paragraph>
		<paragraph><![CDATA[• 	Horticultural designer/specialist ]]></paragraph>
		<paragraph><![CDATA[• 	Landscape construction manager ]]></paragraph>
		<paragraph><![CDATA[Contact Information: ]]></paragraph>
		<paragraph><![CDATA[135 Hunt Hall ]]></paragraph>
		<paragraph><![CDATA[530-754-8628 humanecology.ucdavis.edu/ ]]></paragraph>
		<paragraph><![CDATA[landscape-architecture-major ]]></paragraph>
		<paragraph><![CDATA[]]></paragraph>
	</page>
	<page pageNumber="7">
		<paragraph><![CDATA[]]></paragraph>
		<paragraph><![CDATA[Managerial Economics ]]></paragraph>
		<paragraph><![CDATA[Gain a thorough grounding in ]]></paragraph>
		<paragraph><![CDATA[economic theory and practical ]]></paragraph>
		<paragraph><![CDATA[business applications. Cultivate ]]></paragraph>
		<paragraph><![CDATA[skills in quantitative methods, ]]></paragraph>
		<paragraph><![CDATA[problem-solving strategies, critical ]]></paragraph>
		<paragraph><![CDATA[thinking and effective communica- ]]></paragraph>
		<paragraph><![CDATA[tion that lead to promising careers ]]></paragraph>
		<paragraph><![CDATA[in the business industry. ]]></paragraph>
		<paragraph><![CDATA[Careers: •	Accountant ]]></paragraph>
		<paragraph><![CDATA[•	 Agribusiness manager ]]></paragraph>
		<paragraph><![CDATA[•	Analyst •	Entrepreneur ]]></paragraph>
		<paragraph><![CDATA[•	 Environmental planner ]]></paragraph>
		<paragraph><![CDATA[•	 Financial services consultant ]]></paragraph>
		<paragraph><![CDATA[•	 International consultant ]]></paragraph>
		<paragraph><![CDATA[Marine and Coastal Science ]]></paragraph>
		<paragraph><![CDATA[Nutrition Science ]]></paragraph>
		<paragraph><![CDATA[Careers: •	 Aquaculture specialist ]]></paragraph>
		<paragraph><![CDATA[Careers: •	 Community nutritionist ]]></paragraph>
		<paragraph><![CDATA[•	 Aquarium operations ]]></paragraph>
		<paragraph><![CDATA[	management •	Educator ]]></paragraph>
		<paragraph><![CDATA[•	 Coastal geologist ]]></paragraph>
		<paragraph><![CDATA[•	 Food scientist ]]></paragraph>
		<paragraph><![CDATA[Use foundational knowledge in ]]></paragraph>
		<paragraph><![CDATA[marine sciences to understand the ]]></paragraph>
		<paragraph><![CDATA[modern issues facing aquatic and ]]></paragraph>
		<paragraph><![CDATA[coastal environments. ]]></paragraph>
		<paragraph><![CDATA[•	Ecotoxicologist •	 Environmental chemist ]]></paragraph>
		<paragraph><![CDATA[•	 Fisheries biologist ]]></paragraph>
		<paragraph><![CDATA[•	 Marine biologist/ecologist ]]></paragraph>
		<paragraph><![CDATA[•	 Ocean/coastal policy coordinator ]]></paragraph>
		<paragraph><![CDATA[•	Oceanographer •	 Investment banker ]]></paragraph>
		<paragraph><![CDATA[•	 Watershed planner ]]></paragraph>
		<paragraph><![CDATA[•	 Marketing/sales manager ]]></paragraph>
		<paragraph><![CDATA[Specializations: •	 Coastal Environmental Processes ]]></paragraph>
		<paragraph><![CDATA[•	 Stock/commodity broker ]]></paragraph>
		<paragraph><![CDATA[Specializations: •	 Agribusiness Economics ]]></paragraph>
		<paragraph><![CDATA[•	 Business Economics ]]></paragraph>
		<paragraph><![CDATA[•	 Environmental and Resources 	 ]]></paragraph>
		<paragraph><![CDATA[	Economics •	 International Business Economics ]]></paragraph>
		<paragraph><![CDATA[Contact Information: ]]></paragraph>
		<paragraph><![CDATA[1176 Social Sciences and ]]></paragraph>
		<paragraph><![CDATA[Humanities 530-754-9536 ]]></paragraph>
		<paragraph><![CDATA[manecon@primal.ucdavis.edu manecon.ucdavis.edu ]]></paragraph>
		<paragraph><![CDATA[•	 Marine Environmental Chemistry ]]></paragraph>
		<paragraph><![CDATA[Contact Information: ]]></paragraph>
		<paragraph><![CDATA[2119 Earth and Physical Sciences ]]></paragraph>
		<paragraph><![CDATA[530-752-9100 mcs-advisers@ucdavis.edu ]]></paragraph>
		<paragraph><![CDATA[marinescience.ucdavis.edu/ programs/mcsci ]]></paragraph>
		<paragraph><![CDATA[Study food components, their ]]></paragraph>
		<paragraph><![CDATA[biologic actions and how to ]]></paragraph>
		<paragraph><![CDATA[promote healthy diets and impact ]]></paragraph>
		<paragraph><![CDATA[nutrition policy and public health. ]]></paragraph>
		<paragraph><![CDATA[•	 Food and drug investigator ]]></paragraph>
		<paragraph><![CDATA[•	 Laboratory staff researcher ]]></paragraph>
		<paragraph><![CDATA[•	Nurse •	 Nutrition policy analyst ]]></paragraph>
		<paragraph><![CDATA[•	Pharmacist •	Physician ]]></paragraph>
		<paragraph><![CDATA[•	 Public health analyst ]]></paragraph>
		<paragraph><![CDATA[Specializations: •	 Nutritional Biology ]]></paragraph>
		<paragraph><![CDATA[•	 Nutrition in Public Health ]]></paragraph>
		<paragraph><![CDATA[Contact Information: ]]></paragraph>
		<paragraph><![CDATA[3202 Meyer Hall ]]></paragraph>
		<paragraph><![CDATA[530-752-2512 530-752-7094 ]]></paragraph>
		<paragraph><![CDATA[nutritionadvising@ucdavis.edu nutrition.ucdavis.edu ]]></paragraph>
		<paragraph><![CDATA[Plant Sciences ]]></paragraph>
		<paragraph><![CDATA[Learn how plants grow and ]]></paragraph>
		<paragraph><![CDATA[develop in managed agricultural ]]></paragraph>
		<paragraph><![CDATA[ecosystems and how plant ]]></paragraph>
		<paragraph><![CDATA[products are utilized for food, fiber ]]></paragraph>
		<paragraph><![CDATA[and environmental enhancement. ]]></paragraph>
		<paragraph><![CDATA[Careers: •	Agronomist ]]></paragraph>
		<paragraph><![CDATA[•	 Farm operations manager ]]></paragraph>
		<paragraph><![CDATA[•	Farmer/rancher •	Horticulturist ]]></paragraph>
		<paragraph><![CDATA[•	 Pest control advisor ]]></paragraph>
		<paragraph><![CDATA[•	 Plant breeder ]]></paragraph>
		<paragraph><![CDATA[•	 Plant geneticist ]]></paragraph>
		<paragraph><![CDATA[•	 Postharvest technology manager ]]></paragraph>
		<paragraph><![CDATA[•	 Precision agriculture specialist ]]></paragraph>
		<paragraph><![CDATA[•	 Seed producer ]]></paragraph>
		<paragraph><![CDATA[Specializations: •	 Crop Production ]]></paragraph>
		<paragraph><![CDATA[•	 Plant Breeding and Genetics ]]></paragraph>
		<paragraph><![CDATA[•	 Plant Sciences Individual Option ]]></paragraph>
		<paragraph><![CDATA[•	 Postharvest Biology and ]]></paragraph>
		<paragraph><![CDATA[	Technology Contact Information: ]]></paragraph>
		<paragraph><![CDATA[1220 Plant and Environmental ]]></paragraph>
		<paragraph><![CDATA[Sciences Building ]]></paragraph>
		<paragraph><![CDATA[530-752-1715 plantsciences.ucdavis.edu ]]></paragraph>
		<paragraph><![CDATA[]]></paragraph>
	</page>
	<page pageNumber="8">
		<paragraph><![CDATA[]]></paragraph>
		<paragraph><![CDATA[Sustainable Agriculture and ]]></paragraph>
		<paragraph><![CDATA[Food Systems ]]></paragraph>
		<paragraph><![CDATA[Address the environmental, social ]]></paragraph>
		<paragraph><![CDATA[and economic challenges and ]]></paragraph>
		<paragraph><![CDATA[opportunities associated with ]]></paragraph>
		<paragraph><![CDATA[agricultural and food systems ]]></paragraph>
		<paragraph><![CDATA[sustainability. Careers: ]]></paragraph>
		<paragraph><![CDATA[•	 Agriculture policy analyst ]]></paragraph>
		<paragraph><![CDATA[•	 Community organizer ]]></paragraph>
		<paragraph><![CDATA[•	Educator Sustainable Environmental ]]></paragraph>
		<paragraph><![CDATA[Design Prepares students to be leaders ]]></paragraph>
		<paragraph><![CDATA[and practitioners in the pursuit ]]></paragraph>
		<paragraph><![CDATA[of more sustainable communities. ]]></paragraph>
		<paragraph><![CDATA[Emphasizes critical thinking, ]]></paragraph>
		<paragraph><![CDATA[problem-solving, leadership, and ]]></paragraph>
		<paragraph><![CDATA[application of design and planning ]]></paragraph>
		<paragraph><![CDATA[strategies to create more livable, ]]></paragraph>
		<paragraph><![CDATA[equitable and ecologically sound ]]></paragraph>
		<paragraph><![CDATA[communities. Viticulture and Enology ]]></paragraph>
		<paragraph><![CDATA[Study biological and physical ]]></paragraph>
		<paragraph><![CDATA[aspects involved with grape and ]]></paragraph>
		<paragraph><![CDATA[wine production and gain hands-on ]]></paragraph>
		<paragraph><![CDATA[experience with grape growing and ]]></paragraph>
		<paragraph><![CDATA[winemaking practices. ]]></paragraph>
		<paragraph><![CDATA[Careers: • 	Cellar manager ]]></paragraph>
		<paragraph><![CDATA[• 	Chemist ]]></paragraph>
		<paragraph><![CDATA[• 	Enologist/laboratory manager ]]></paragraph>
		<paragraph><![CDATA[Careers: • 	Environmental designer ]]></paragraph>
		<paragraph><![CDATA[• 	Marketing specialist ]]></paragraph>
		<paragraph><![CDATA[•	Farmer/rancher •	 Food systems management ]]></paragraph>
		<paragraph><![CDATA[• 	City or regional planner ]]></paragraph>
		<paragraph><![CDATA[• 	Sales representative ]]></paragraph>
		<paragraph><![CDATA[•	 International development ]]></paragraph>
		<paragraph><![CDATA[• 	Sensory scientist ]]></paragraph>
		<paragraph><![CDATA[•	 Organic crops grower ]]></paragraph>
		<paragraph><![CDATA[• 	Sustainability manager/ ]]></paragraph>
		<paragraph><![CDATA[	coordinator •	 Permaculture specialist ]]></paragraph>
		<paragraph><![CDATA[• 	Ecological restoration specialist ]]></paragraph>
		<paragraph><![CDATA[• 	Geographic information systems 	 ]]></paragraph>
		<paragraph><![CDATA[	 (GIS) specialist ]]></paragraph>
		<paragraph><![CDATA[• 	Vineyard manager ]]></paragraph>
		<paragraph><![CDATA[•	 Small farm consultant ]]></paragraph>
		<paragraph><![CDATA[•	 Sustainability coordinator ]]></paragraph>
		<paragraph><![CDATA[Specializations: •	 Agriculture and Ecology ]]></paragraph>
		<paragraph><![CDATA[• 	Environmental policy analyst ]]></paragraph>
		<paragraph><![CDATA[• 	Environmental educator ]]></paragraph>
		<paragraph><![CDATA[•	 Food and Society ]]></paragraph>
		<paragraph><![CDATA[• 	Community development ]]></paragraph>
		<paragraph><![CDATA[	coordinator •	 Economics and Policy ]]></paragraph>
		<paragraph><![CDATA[• 	Transportation planner ]]></paragraph>
		<paragraph><![CDATA[Contact Information: ]]></paragraph>
		<paragraph><![CDATA[1152 Plant and Environmental ]]></paragraph>
		<paragraph><![CDATA[Sciences Building ]]></paragraph>
		<paragraph><![CDATA[530-752-1602 asi.ucdavis.edu/programs/safs ]]></paragraph>
		<paragraph><![CDATA[• 	Architectural designer ]]></paragraph>
		<paragraph><![CDATA[Contact Information: ]]></paragraph>
		<paragraph><![CDATA[135 Hunt Hall ]]></paragraph>
		<paragraph><![CDATA[530-754-8628 sed.ucdavis.edu ]]></paragraph>
		<paragraph><![CDATA[• 	Microbiologist ]]></paragraph>
		<paragraph><![CDATA[• 	Tasting room manager ]]></paragraph>
		<paragraph><![CDATA[• 	Winemaker ]]></paragraph>
		<paragraph><![CDATA[Contact Information: ]]></paragraph>
		<paragraph><![CDATA[1204 Robert Mondavi Institute– ]]></paragraph>
		<paragraph><![CDATA[South Building ]]></paragraph>
		<paragraph><![CDATA[530-752-3250 bftvadvising@ucdavis.edu ]]></paragraph>
		<paragraph><![CDATA[wineserver.ucdavis.edu Wildlife, Fish, and ]]></paragraph>
		<paragraph><![CDATA[Conservation Biology ]]></paragraph>
		<paragraph><![CDATA[Understand the relationships ]]></paragraph>
		<paragraph><![CDATA[between the needs of wildlife, ]]></paragraph>
		<paragraph><![CDATA[people and the environment ]]></paragraph>
		<paragraph><![CDATA[and how these relationships are ]]></paragraph>
		<paragraph><![CDATA[vital for the maintenance of ]]></paragraph>
		<paragraph><![CDATA[ecological diversity, recreational ]]></paragraph>
		<paragraph><![CDATA[resources and food supplies. ]]></paragraph>
		<paragraph><![CDATA[Careers: • 	Aquaculture specialist ]]></paragraph>
		<paragraph><![CDATA[• 	Conservation biologist ]]></paragraph>
		<paragraph><![CDATA[• 	Educator ]]></paragraph>
		<paragraph><![CDATA[• 	Environmental attorney ]]></paragraph>
		<paragraph><![CDATA[• 	Fisheries biologist ]]></paragraph>
		<paragraph><![CDATA[• 	Forest/park ranger ]]></paragraph>
		<paragraph><![CDATA[• 	Marine biologist ]]></paragraph>
		<paragraph><![CDATA[• 	Veterinarian ]]></paragraph>
		<paragraph><![CDATA[• 	Wildlife biologist ]]></paragraph>
		<paragraph><![CDATA[• Zoo biologist ]]></paragraph>
		<paragraph><![CDATA[Specializations: •	 Fish Biology ]]></paragraph>
		<paragraph><![CDATA[•	 Wildlife and Conservation Biology ]]></paragraph>
		<paragraph><![CDATA[•	 Wildlife Health ]]></paragraph>
		<paragraph><![CDATA[•	Individualized Contact Information: ]]></paragraph>
		<paragraph><![CDATA[1086 Academic Surge ]]></paragraph>
		<paragraph><![CDATA[530-754-9796 wfcbadvising@ucdavis.edu ]]></paragraph>
		<paragraph><![CDATA[wfcb.ucdavis.edu ]]></paragraph>
		<paragraph><![CDATA[]]></paragraph>
	</page>
	<page pageNumber="9">
		<paragraph><![CDATA[UC Davis Admission Requirements ]]></paragraph>
		<paragraph><![CDATA[ucdavis.edu/admissions/undergraduate Career Discovery Groups ]]></paragraph>
		<paragraph><![CDATA[caes.ucdavis.edu/students/cdg UC Davis offers a rigorous and rewarding ]]></paragraph>
		<paragraph><![CDATA[academic environment, so make sure you ]]></paragraph>
		<paragraph><![CDATA[meet or exceed our admission requirements to ]]></paragraph>
		<paragraph><![CDATA[increase your chances for success in our college. ]]></paragraph>
		<paragraph><![CDATA[Career Discovery Groups, a partnership ]]></paragraph>
		<paragraph><![CDATA[between the CA&ES and the Internship and ]]></paragraph>
		<paragraph><![CDATA[Career Center, give freshmen and first-year ]]></paragraph>
		<paragraph><![CDATA[transfer students an opportunity to explore ]]></paragraph>
		<paragraph><![CDATA[career possibilities and make academic ]]></paragraph>
		<paragraph><![CDATA[choices for future success. ]]></paragraph>
		<paragraph><![CDATA[Apply ucdavis.edu/admissions/undergraduate/ ]]></paragraph>
		<paragraph><![CDATA[apply ]]></paragraph>
		<paragraph><![CDATA[Undeclared/Exploratory Program ]]></paragraph>
		<paragraph><![CDATA[Explore academic options, ]]></paragraph>
		<paragraph><![CDATA[personal interests, strengths ]]></paragraph>
		<paragraph><![CDATA[and career goals. This pre-major ]]></paragraph>
		<paragraph><![CDATA[advising program assists ]]></paragraph>
		<paragraph><![CDATA[students in defining and ]]></paragraph>
		<paragraph><![CDATA[focusing academic interests. ]]></paragraph>
		<paragraph><![CDATA[Contact Information: ]]></paragraph>
		<paragraph><![CDATA[150 Mrak Hall ]]></paragraph>
		<paragraph><![CDATA[530-752-0108 caesadvising@ucdavis.edu ]]></paragraph>
		<paragraph><![CDATA[caes.ucdavis.edu The UC application for undergraduate admission ]]></paragraph>
		<paragraph><![CDATA[and scholarships is available on August 1 and ]]></paragraph>
		<paragraph><![CDATA[can be submitted November 1–30. ]]></paragraph>
		<paragraph><![CDATA[Financial Assistance ]]></paragraph>
		<paragraph><![CDATA[financialaid.ucdavis.edu Financial aid options are available for students ]]></paragraph>
		<paragraph><![CDATA[at all income levels. Explore how scholarships, ]]></paragraph>
		<paragraph><![CDATA[grants, work-study and other forms of assistance ]]></paragraph>
		<paragraph><![CDATA[can help you reach your academic goals. ]]></paragraph>
		<paragraph><![CDATA[CA&ES Undergraduate ]]></paragraph>
		<paragraph><![CDATA[Academic Programs ]]></paragraph>
		<paragraph><![CDATA[caes.ucdavis.edu/students CA&ES offers a supportive network of faculty, ]]></paragraph>
		<paragraph><![CDATA[staff and peer advisors who will provide you ]]></paragraph>
		<paragraph><![CDATA[with advising from the moment you step on ]]></paragraph>
		<paragraph><![CDATA[campus until graduation. We offer a variety ]]></paragraph>
		<paragraph><![CDATA[programs and classes, such as Career ]]></paragraph>
		<paragraph><![CDATA[Discovery Groups, to help you explore majors ]]></paragraph>
		<paragraph><![CDATA[and careers, define your educational goals ]]></paragraph>
		<paragraph><![CDATA[and provide guidance to help you stay on ]]></paragraph>
		<paragraph><![CDATA[track. We also offer opportunities for you to ]]></paragraph>
		<paragraph><![CDATA[connect with fellow students and gain ]]></paragraph>
		<paragraph><![CDATA[leadership skills through events and student ]]></paragraph>
		<paragraph><![CDATA[organizations, such as Aggie Ambassadors. ]]></paragraph>
		<paragraph><![CDATA[Internships icc.ucdavis.edu ]]></paragraph>
		<paragraph><![CDATA[Our students explore potential careers through ]]></paragraph>
		<paragraph><![CDATA[internships both on and off campus. Students ]]></paragraph>
		<paragraph><![CDATA[can build on classroom learning and get their ]]></paragraph>
		<paragraph><![CDATA[hands dirty in our facilities, greenhouses, ]]></paragraph>
		<paragraph><![CDATA[laboratories and on the Student Farm. ]]></paragraph>
		<paragraph><![CDATA[Students also try out jobs in industry, in ]]></paragraph>
		<paragraph><![CDATA[environmental endeavors and with community ]]></paragraph>
		<paragraph><![CDATA[organizations. The UC Davis Internship and ]]></paragraph>
		<paragraph><![CDATA[Career Center will help you get hands-on ]]></paragraph>
		<paragraph><![CDATA[experience and find your career direction. ]]></paragraph>
		<paragraph><![CDATA[Aggie Jumpstart ]]></paragraph>
		<paragraph><![CDATA[caes.ucdavis.edu/students/ aggie-jumpstart ]]></paragraph>
		<paragraph><![CDATA[Aggie Jumpstart is a new CA&ES program ]]></paragraph>
		<paragraph><![CDATA[created to promote inclusive academic ]]></paragraph>
		<paragraph><![CDATA[excellence and student success through ]]></paragraph>
		<paragraph><![CDATA[community building, leadership and advising. ]]></paragraph>
		<paragraph><![CDATA[In partnership with the Retention Initiatives ]]></paragraph>
		<paragraph><![CDATA[and the Internship and Career Center, Aggie ]]></paragraph>
		<paragraph><![CDATA[Jumpstart works to address barriers for ]]></paragraph>
		<paragraph><![CDATA[first-generation, low-income and underserved ]]></paragraph>
		<paragraph><![CDATA[students and provides students a network ]]></paragraph>
		<paragraph><![CDATA[of UC Davis staff, faculty and other campus ]]></paragraph>
		<paragraph><![CDATA[communities. ]]></paragraph>
	</page>
	<page pageNumber="10">
		<paragraph><![CDATA[Preparatory Subject ]]></paragraph>
		<paragraph><![CDATA[Matter at a Glance ]]></paragraph>
		<paragraph><![CDATA[This chart shows some lower ]]></paragraph>
		<paragraph><![CDATA[division prep course work ]]></paragraph>
		<paragraph><![CDATA[across our 28 majors. Many of ]]></paragraph>
		<paragraph><![CDATA[our majors’ lower division prep ]]></paragraph>
		<paragraph><![CDATA[courses overlap, which means ]]></paragraph>
		<paragraph><![CDATA[you can explore various inter- ]]></paragraph>
		<paragraph><![CDATA[ests while still making progress ]]></paragraph>
		<paragraph><![CDATA[toward your intended major. ]]></paragraph>
		<paragraph><![CDATA[You can also use this chart to ]]></paragraph>
		<paragraph><![CDATA[determine which majors match ]]></paragraph>
		<paragraph><![CDATA[your own interests in certain ]]></paragraph>
		<paragraph><![CDATA[subjects. Take some time to ]]></paragraph>
		<paragraph><![CDATA[consult the General Catalog ]]></paragraph>
		<paragraph><![CDATA[and/or reach out to our ]]></paragraph>
		<paragraph><![CDATA[academic advisors to learn ]]></paragraph>
		<paragraph><![CDATA[more about specific majors ]]></paragraph>
		<paragraph><![CDATA[and degree requirements. ]]></paragraph>
		<paragraph><![CDATA[If you are looking to transfer, ]]></paragraph>
		<paragraph><![CDATA[use assist.org to find available ]]></paragraph>
		<paragraph><![CDATA[lower division courses at your ]]></paragraph>
		<paragraph><![CDATA[community college to make ]]></paragraph>
		<paragraph><![CDATA[progress in your intended ]]></paragraph>
		<paragraph><![CDATA[major. Completing these lower ]]></paragraph>
		<paragraph><![CDATA[division courses at your ]]></paragraph>
		<paragraph><![CDATA[community college will help ]]></paragraph>
		<paragraph><![CDATA[you dive into your upper ]]></paragraph>
		<paragraph><![CDATA[division course work upon ]]></paragraph>
		<paragraph><![CDATA[transferring. This chart does not include all ]]></paragraph>
		<paragraph><![CDATA[preparatory subject matter. For ]]></paragraph>
		<paragraph><![CDATA[more information, review the ]]></paragraph>
		<paragraph><![CDATA[General Catalog for more ]]></paragraph>
		<paragraph><![CDATA[details on university, college ]]></paragraph>
		<paragraph><![CDATA[and major requirements. ]]></paragraph>
		<paragraph><![CDATA[catalog.ucdavis.edu Biological Science ]]></paragraph>
		<paragraph><![CDATA[Chemistry ]]></paragraph>
		<paragraph><![CDATA[Agricultural and Environmental Education ]]></paragraph>
		<paragraph><![CDATA[2A/B 2A/B ]]></paragraph>
		<paragraph><![CDATA[Animal Biology ]]></paragraph>
		<paragraph><![CDATA[2A/B/C 2A/B/C and 8A/B or 118A/B ]]></paragraph>
		<paragraph><![CDATA[Animal Science ]]></paragraph>
		<paragraph><![CDATA[2A/B/C 2A/B and 8A/B or 118A/B ]]></paragraph>
		<paragraph><![CDATA[Animal Science and Management ]]></paragraph>
		<paragraph><![CDATA[2A/B/C 2A/B and 8A/B or 118A/B ]]></paragraph>
		<paragraph><![CDATA[Atmospheric Science ]]></paragraph>
		<paragraph><![CDATA[Plant Sciences 2 ]]></paragraph>
		<paragraph><![CDATA[2A/B ]]></paragraph>
		<paragraph><![CDATA[Biotechnology 2A/B/C ]]></paragraph>
		<paragraph><![CDATA[2A/B/C and 8A/B or 118A/B/C or ]]></paragraph>
		<paragraph><![CDATA[128A/B/C/129A ]]></paragraph>
		<paragraph><![CDATA[Clinical Nutrition ]]></paragraph>
		<paragraph><![CDATA[2A/B 2A/B/C and 8A/B ]]></paragraph>
		<paragraph><![CDATA[Community and Regional Development ]]></paragraph>
		<paragraph><![CDATA[— — ]]></paragraph>
		<paragraph><![CDATA[Ecological Management and Restoration ]]></paragraph>
		<paragraph><![CDATA[2A/B/C 2A/B ]]></paragraph>
		<paragraph><![CDATA[Entomology 2A/B/C and 8A/B or 118A/B ]]></paragraph>
		<paragraph><![CDATA[2A/B/C and 8A/B ]]></paragraph>
		<paragraph><![CDATA[Environmental Horticulture and ]]></paragraph>
		<paragraph><![CDATA[Urban Forestry ]]></paragraph>
		<paragraph><![CDATA[2A/B and ]]></paragraph>
		<paragraph><![CDATA[Plant Sciences 2 ]]></paragraph>
		<paragraph><![CDATA[2A/B ]]></paragraph>
		<paragraph><![CDATA[Environmental Policy Analysis and Planning ]]></paragraph>
		<paragraph><![CDATA[2A or 10 ]]></paragraph>
		<paragraph><![CDATA[2A or 10 ]]></paragraph>
		<paragraph><![CDATA[Environmental Science and Management ]]></paragraph>
		<paragraph><![CDATA[2A/B/C 2A/B ]]></paragraph>
		<paragraph><![CDATA[Environmental Toxicology** ]]></paragraph>
		<paragraph><![CDATA[2A/B/C 2A/B/C and 118A/B/C or 128A/B/C/129A ]]></paragraph>
		<paragraph><![CDATA[Food Science ]]></paragraph>
		<paragraph><![CDATA[2A 2A/B/C and 8A/B or 118A/B/C ]]></paragraph>
		<paragraph><![CDATA[Global Disease Biology ]]></paragraph>
		<paragraph><![CDATA[2A/B/C 2A/B/C and 8A/B or 118A/B ]]></paragraph>
		<paragraph><![CDATA[Human Development ]]></paragraph>
		<paragraph><![CDATA[2A or 10 (see college advisor) ]]></paragraph>
		<paragraph><![CDATA[— ]]></paragraph>
		<paragraph><![CDATA[Hydrology 2A/B ]]></paragraph>
		<paragraph><![CDATA[2A/B/C ]]></paragraph>
		<paragraph><![CDATA[International Agricultural Development ]]></paragraph>
		<paragraph><![CDATA[2A/B and/or Plant Sciences 2 ]]></paragraph>
		<paragraph><![CDATA[2A/B ]]></paragraph>
		<paragraph><![CDATA[Landscape Architecture ]]></paragraph>
		<paragraph><![CDATA[2A or 10 or Plant Sciences 2 ]]></paragraph>
		<paragraph><![CDATA[See General Catalog ]]></paragraph>
		<paragraph><![CDATA[Managerial Economics ]]></paragraph>
		<paragraph><![CDATA[— — ]]></paragraph>
		<paragraph><![CDATA[Marine and Coastal Science ]]></paragraph>
		<paragraph><![CDATA[2A/B/C 2A/B/C ]]></paragraph>
		<paragraph><![CDATA[Nutrition Science ]]></paragraph>
		<paragraph><![CDATA[2A/B/C 2A/B/C and (8A/B or 118A/B or ]]></paragraph>
		<paragraph><![CDATA[128A/B/129A) ]]></paragraph>
		<paragraph><![CDATA[Plant Sciences ]]></paragraph>
		<paragraph><![CDATA[2A/B and Plant Sciences 2 ]]></paragraph>
		<paragraph><![CDATA[2A/B/C and 8A/B or 118A/B/C ]]></paragraph>
		<paragraph><![CDATA[Sustainable Agriculture and Food Systems ]]></paragraph>
		<paragraph><![CDATA[2A or 10 (2A/B for Agriculture ]]></paragraph>
		<paragraph><![CDATA[and Ecology track only) ]]></paragraph>
		<paragraph><![CDATA[(2A/B for Agriculture and Ecology ]]></paragraph>
		<paragraph><![CDATA[track only) ]]></paragraph>
		<paragraph><![CDATA[Sustainable Environmental Design ]]></paragraph>
		<paragraph><![CDATA[2A/B See General Catalog ]]></paragraph>
		<paragraph><![CDATA[Viticulture and Enology ]]></paragraph>
		<paragraph><![CDATA[2A and Plant Sciences 2 ]]></paragraph>
		<paragraph><![CDATA[2A/B/C and 8A/B ]]></paragraph>
		<paragraph><![CDATA[Wildlife, Fish and Conservation Biology ]]></paragraph>
		<paragraph><![CDATA[2A/B/C 2A/B and 8A/B ]]></paragraph>
		<paragraph><![CDATA[Undeclared/Exploratory Program ]]></paragraph>
		<paragraph><![CDATA[Determined by area of interest. Students can ]]></paragraph>
		<paragraph><![CDATA[consult with dean’s office advisors or intended ]]></paragraph>
		<paragraph><![CDATA[major advisors to discuss preparation based ]]></paragraph>
		<paragraph><![CDATA[on interests. ]]></paragraph>
		<paragraph><![CDATA[]]></paragraph>
	</page>
	<page pageNumber="11">
		<paragraph><![CDATA[]]></paragraph>
		<paragraph><![CDATA[Computer Science ]]></paragraph>
		<paragraph><![CDATA[Math Physics ]]></paragraph>
		<paragraph><![CDATA[Statistics ]]></paragraph>
		<paragraph><![CDATA[— 16A/B or 17A/B or 21A/B ]]></paragraph>
		<paragraph><![CDATA[7A/B — ]]></paragraph>
		<paragraph><![CDATA[— 16A/B/C or 17A/B/C or 21A/B/C ]]></paragraph>
		<paragraph><![CDATA[7A/B/C Statistics 13 or 100 or 102 or Plant Sciences 120 ]]></paragraph>
		<paragraph><![CDATA[— 16A/B or 17A/B or 21A/B ]]></paragraph>
		<paragraph><![CDATA[— Statistics 100 or Plant Sciences 120 ]]></paragraph>
		<paragraph><![CDATA[Plant Sciences 21 or ]]></paragraph>
		<paragraph><![CDATA[Computer Science Engineering 15 ]]></paragraph>
		<paragraph><![CDATA[16A/B/C or 17A/B/C or 21A/B/C ]]></paragraph>
		<paragraph><![CDATA[— Statistics 100 or 103 or Plant Sciences 120 ]]></paragraph>
		<paragraph><![CDATA[Computer Science Engineering 36A or ]]></paragraph>
		<paragraph><![CDATA[course selected with advisor’s approval ]]></paragraph>
		<paragraph><![CDATA[21A/B/C/D and 22A/B ]]></paragraph>
		<paragraph><![CDATA[9A/B/C Statistics 13 ]]></paragraph>
		<paragraph><![CDATA[— 16A/B or 17A/B or 21A/B ]]></paragraph>
		<paragraph><![CDATA[7A/B Statistics 100 or Plant Sciences 120 ]]></paragraph>
		<paragraph><![CDATA[— Check with major advisor ]]></paragraph>
		<paragraph><![CDATA[— Statistics 13 ]]></paragraph>
		<paragraph><![CDATA[Plant Sciences 21 or ]]></paragraph>
		<paragraph><![CDATA[Computer Science Engineering 15 ]]></paragraph>
		<paragraph><![CDATA[— — ]]></paragraph>
		<paragraph><![CDATA[Sociology 46B or Statistics 13 or 32 ]]></paragraph>
		<paragraph><![CDATA[— 16A/B or 17A/B or 21A/B ]]></paragraph>
		<paragraph><![CDATA[1A/B or 7A/B/C ]]></paragraph>
		<paragraph><![CDATA[Plant Sciences 120 ]]></paragraph>
		<paragraph><![CDATA[16A/B/C or 17A/B/C or 21A/B/C ]]></paragraph>
		<paragraph><![CDATA[1A/B Statistics 13 or 32 or 100 or Plant Sciences 120 ]]></paragraph>
		<paragraph><![CDATA[— 16A or Statistics 13 ]]></paragraph>
		<paragraph><![CDATA[1A/B Statistics 13 or Math 16A ]]></paragraph>
		<paragraph><![CDATA[Plant Sciences 21 or Communication 12Y ]]></paragraph>
		<paragraph><![CDATA[16A/B or 17A/B or 21A/B ]]></paragraph>
		<paragraph><![CDATA[1A Statistics 13 or 32 ]]></paragraph>
		<paragraph><![CDATA[— 16A/B or 17A/B or 21A/B ]]></paragraph>
		<paragraph><![CDATA[7A/B/C or 1A/B ]]></paragraph>
		<paragraph><![CDATA[Statistics 13 or 100 (Statistics 100 recommended) ]]></paragraph>
		<paragraph><![CDATA[— 17A/B/C or 21A/B/C ]]></paragraph>
		<paragraph><![CDATA[7A/B/C Statistics 100 or 102 or 103 or 104 or 106 or 108 ]]></paragraph>
		<paragraph><![CDATA[— 16A/B/C ]]></paragraph>
		<paragraph><![CDATA[7A/B/C Statistics 100 ]]></paragraph>
		<paragraph><![CDATA[— 17A/B/C or 21A/B/C ]]></paragraph>
		<paragraph><![CDATA[7A/B Statistics 13 or 100 ]]></paragraph>
		<paragraph><![CDATA[— — ]]></paragraph>
		<paragraph><![CDATA[— Psychology 41 or Sociology 46A/B or Statistics 10 or 13 ]]></paragraph>
		<paragraph><![CDATA[Engineering 6 ]]></paragraph>
		<paragraph><![CDATA[21A/B/C/D and 22A/B ]]></paragraph>
		<paragraph><![CDATA[9A/B/C Statistics 130A/B or Civil and Environmental Engineering 114 ]]></paragraph>
		<paragraph><![CDATA[— 16A/B ]]></paragraph>
		<paragraph><![CDATA[See General Catalog ]]></paragraph>
		<paragraph><![CDATA[See General Catalog ]]></paragraph>
		<paragraph><![CDATA[See General Catalog ]]></paragraph>
		<paragraph><![CDATA[See General Catalog ]]></paragraph>
		<paragraph><![CDATA[Plant Sciences 21 or ]]></paragraph>
		<paragraph><![CDATA[Computer Science Engineering 10 or 15 or 30 ]]></paragraph>
		<paragraph><![CDATA[16A/B/C or 21A/B ]]></paragraph>
		<paragraph><![CDATA[— Statistics 13 and 103 ]]></paragraph>
		<paragraph><![CDATA[— 16A/B/C or 17A/B/C or 21A/B/C ]]></paragraph>
		<paragraph><![CDATA[(see college advisor) ]]></paragraph>
		<paragraph><![CDATA[7A/B/C or 9A/B/C ]]></paragraph>
		<paragraph><![CDATA[Statistics 100 ]]></paragraph>
		<paragraph><![CDATA[— 16A/B or 17A/B ]]></paragraph>
		<paragraph><![CDATA[(Biology option only) ]]></paragraph>
		<paragraph><![CDATA[1A/B or 7A/B ]]></paragraph>
		<paragraph><![CDATA[(Biology option only) ]]></paragraph>
		<paragraph><![CDATA[Statistics 13 or 100 or Plant Sciences 120 ]]></paragraph>
		<paragraph><![CDATA[and Sociology 46A or Psychology 41 ]]></paragraph>
		<paragraph><![CDATA[— 16A/B or 17A/B ]]></paragraph>
		<paragraph><![CDATA[1A/B or 7A/B/C ]]></paragraph>
		<paragraph><![CDATA[Plant Sciences 120 ]]></paragraph>
		<paragraph><![CDATA[— 16A/B ]]></paragraph>
		<paragraph><![CDATA[1A (Agriculture and ]]></paragraph>
		<paragraph><![CDATA[Ecology track only) ]]></paragraph>
		<paragraph><![CDATA[See General Catalog ]]></paragraph>
		<paragraph><![CDATA[See General Catalog ]]></paragraph>
		<paragraph><![CDATA[See General Catalog ]]></paragraph>
		<paragraph><![CDATA[See General Catalog ]]></paragraph>
		<paragraph><![CDATA[See General Catalog ]]></paragraph>
		<paragraph><![CDATA[Plant Sciences 21 ]]></paragraph>
		<paragraph><![CDATA[16A/B 1A/B or 7A ]]></paragraph>
		<paragraph><![CDATA[Statistics 106 or Plant Sciences 120 ]]></paragraph>
		<paragraph><![CDATA[— 16A/B ]]></paragraph>
		<paragraph><![CDATA[1A/B Statistics 100 or 102 or Plant Sciences 120 or Wildlife 130 (WFC 103) ]]></paragraph>
		<paragraph><![CDATA[Statistics 13 or Plant Sciences 120 or Sociology 46B ]]></paragraph>
		<paragraph><![CDATA[Required courses for this subject vary by specialization within the major. ]]></paragraph>
		<paragraph><![CDATA[See additional information in the General Catalog at catalog.ucdavis.edu. ]]></paragraph>
		<paragraph><![CDATA[** For Environmental Toxicoloy there is also a writing requirement, Writing 101 or 104 A-1. ]]></paragraph>
		<paragraph><![CDATA[]]></paragraph>
	</page>
	<page pageNumber="12">
		<paragraph><![CDATA[What’s ]]></paragraph>
		<paragraph><![CDATA[next? Find your passion ]]></paragraph>
		<paragraph><![CDATA[at UC Davis! ]]></paragraph>
		<paragraph><![CDATA[Get to know ]]></paragraph>
		<paragraph><![CDATA[UC Davis CA&ES! ]]></paragraph>
		<paragraph><![CDATA[caes.ucdavis.edu/news/social-media Download the UC Davis app ]]></paragraph>
		<paragraph><![CDATA[mobile.ucdavis.edu Visit our Welcome Center ]]></paragraph>
		<paragraph><![CDATA[visit.ucdavis.edu/tourreg Schedule a campus tour with our ]]></paragraph>
		<paragraph><![CDATA[friendly student guides. ]]></paragraph>
		<paragraph><![CDATA[Follow us on social media and see ]]></paragraph>
		<paragraph><![CDATA[what’s happening at the college and ]]></paragraph>
		<paragraph><![CDATA[with our students . ]]></paragraph>
		<paragraph><![CDATA[Take a virtual tour ]]></paragraph>
		<paragraph><![CDATA[ucdavis.edu/virtual-tour Explore online ]]></paragraph>
		<paragraph><![CDATA[caes.ucdavis.edu Visit our website for additional details. ]]></paragraph>
		<paragraph><![CDATA[CA&ES Dean’s Office ]]></paragraph>
		<paragraph><![CDATA[One Shields Ave ]]></paragraph>
		<paragraph><![CDATA[Davis, CA 95616-8571 ]]></paragraph>
		<paragraph><![CDATA[530-752-0108 caes.ucdavis.edu ]]></paragraph>
		<paragraph><![CDATA[Visit us on campus at 150 Mrak Hall. ]]></paragraph>
		<paragraph><![CDATA[]]></paragraph>
	</page>
</results>