﻿<?xml version="1.0" encoding="UTF-8" standalone="yes"?>
<results>
	<page pageNumber="1">
		<paragraph><![CDATA[News and Outreach ]]></paragraph>
		<paragraph><![CDATA[Plant geneticist elected to ]]></paragraph>
		<paragraph><![CDATA[National Academy of Sciences ]]></paragraph>
		<paragraph><![CDATA[Pam Ronald, distinguished professor in the Department of Plant ]]></paragraph>
		<paragraph><![CDATA[Sciences, was elected to the National Academy of Sciences, one ]]></paragraph>
		<paragraph><![CDATA[of the highest honors a scientist can receive. As a plant pathologist ]]></paragraph>
		<paragraph><![CDATA[and geneticist, Ronald researches genes that control disease resistance ]]></paragraph>
		<paragraph><![CDATA[and tolerance to environmental stress in rice. In 2008, she and her ]]></paragraph>
		<paragraph><![CDATA[colleagues received the USDA National Research Discovery Award ]]></paragraph>
		<paragraph><![CDATA[for engineering flood-tolerant rice, which helps fight hunger around ]]></paragraph>
		<paragraph><![CDATA[the world. ]]></paragraph>
		<paragraph><![CDATA[CA&ES atmospheric scientist named ]]></paragraph>
		<paragraph><![CDATA[Packard Fellow ]]></paragraph>
		<paragraph><![CDATA[Da Yang, who studies the physics of intense rainstorms and ]]></paragraph>
		<paragraph><![CDATA[their relationship to the Earth’s climate, has been awarded ]]></paragraph>
		<paragraph><![CDATA[a 2019 Packard Fellowship in Science and Engineering from ]]></paragraph>
		<paragraph><![CDATA[the David and Lucile Packard Foundation. Yang is among 22 ]]></paragraph>
		<paragraph><![CDATA[early-career scientists and engineers nationwide to receive the ]]></paragraph>
		<paragraph><![CDATA[prestigious award this year. Each will be awarded $875,000 ]]></paragraph>
		<paragraph><![CDATA[over five years to pursue their research. Yang is CA&ES’ ]]></paragraph>
		<paragraph><![CDATA[first-ever recipient of the Packard Fellowship. ]]></paragraph>
		<paragraph><![CDATA[Next-level greenhouses support new solutions ]]></paragraph>
		<paragraph><![CDATA[Construction continues on a suite of advanced greenhouses, ]]></paragraph>
		<paragraph><![CDATA[which will support the college’s innovative research to keep ]]></paragraph>
		<paragraph><![CDATA[plants plentiful, nutritious and resilient. The state-of-the- ]]></paragraph>
		<paragraph><![CDATA[art greenhouses will allow researchers to precisely control ]]></paragraph>
		<paragraph><![CDATA[temperature and light so they can customize and replicate ]]></paragraph>
		<paragraph><![CDATA[conditions for each and every plant, all under the same roof. ]]></paragraph>
		<paragraph><![CDATA[Five of the new facilities should be completed in February ]]></paragraph>
		<paragraph><![CDATA[2020, and more are on the way. ]]></paragraph>
		<paragraph><![CDATA[DECEMBER 2019 1 ]]></paragraph>
		<paragraph><![CDATA[]]></paragraph>
	</page>
	<page pageNumber="2">
		<paragraph><![CDATA[CA&ES ranked #1 in agriculture, forestry and ]]></paragraph>
		<paragraph><![CDATA[plant and animal sciences ]]></paragraph>
		<paragraph><![CDATA[New rankings from the U.S. News & World Report place ]]></paragraph>
		<paragraph><![CDATA[CA&ES first in the world in plant and animal sciences, ]]></paragraph>
		<paragraph><![CDATA[while QS World University Rankings crown CA&ES first ]]></paragraph>
		<paragraph><![CDATA[in the nation and second in the world in agriculture and ]]></paragraph>
		<paragraph><![CDATA[forestry. The rankings consider reputation among academics, ]]></paragraph>
		<paragraph><![CDATA[reputation among employers and the citation of academic ]]></paragraph>
		<paragraph><![CDATA[papers. CA&ES has more than 7,500 undergraduates in 28 ]]></paragraph>
		<paragraph><![CDATA[majors and 1,000 graduate students in 30 graduate groups ]]></paragraph>
		<paragraph><![CDATA[and programs. ]]></paragraph>
		<paragraph><![CDATA[New UC strawberries offer disease resistance ]]></paragraph>
		<paragraph><![CDATA[and high yield ]]></paragraph>
		<paragraph><![CDATA[The UC Davis Public Strawberry Breeding Program has ]]></paragraph>
		<paragraph><![CDATA[released five new varieties that will help farmers manage ]]></paragraph>
		<paragraph><![CDATA[diseases, control costs and produce plenty of large, robust ]]></paragraph>
		<paragraph><![CDATA[berries using less water, fertilizer and pesticides. Two of the ]]></paragraph>
		<paragraph><![CDATA[new varieties could increase yields by almost 30 percent. ]]></paragraph>
		<paragraph><![CDATA[“These new varieties are intrinsically different from the ones ]]></paragraph>
		<paragraph><![CDATA[they replace,” said Professor Steve Knapp, director of the ]]></paragraph>
		<paragraph><![CDATA[strawberry breeding program. “After three years of field ]]></paragraph>
		<paragraph><![CDATA[tests, we’re seeing higher yields, greater disease resistance ]]></paragraph>
		<paragraph><![CDATA[and better postharvest quality.” The U.S. is the world’s ]]></paragraph>
		<paragraph><![CDATA[largest producer of strawberries, and almost 90 percent ]]></paragraph>
		<paragraph><![CDATA[of them are grown in California. About 60 percent of the ]]></paragraph>
		<paragraph><![CDATA[state’s strawberry fields are planted with varieties developed ]]></paragraph>
		<paragraph><![CDATA[at UC Davis. ]]></paragraph>
		<paragraph><![CDATA[Showcasing lovely, sustainable landscapes ]]></paragraph>
		<paragraph><![CDATA[The future of horticulture requires a bold new perspective ]]></paragraph>
		<paragraph><![CDATA[to meet consumers’ demand for beautiful landscaping in ]]></paragraph>
		<paragraph><![CDATA[the face of climate change. The college’s California Center ]]></paragraph>
		<paragraph><![CDATA[for Urban Horticulture is addressing that challenge with ]]></paragraph>
		<paragraph><![CDATA[“SmartLandscape,” a center on campus where stakeholders ]]></paragraph>
		<paragraph><![CDATA[can experience the latest developments in water-conserving ]]></paragraph>
		<paragraph><![CDATA[landscapes and irrigation technology. The center is ]]></paragraph>
		<paragraph><![CDATA[introducing low water-use plants and installing high-tech ]]></paragraph>
		<paragraph><![CDATA[equipment, such as thermal cameras, soil moisture sensors ]]></paragraph>
		<paragraph><![CDATA[and drones, to help train and educate the next generation of ]]></paragraph>
		<paragraph><![CDATA[horticulture professionals. ]]></paragraph>
		<paragraph><![CDATA[2 caes.ucdavis.edu ]]></paragraph>
		<paragraph><![CDATA[Ethiopian grain featured at UC Davis field day ]]></paragraph>
		<paragraph><![CDATA[Farmers, researchers and food lovers flocked to UC Davis ]]></paragraph>
		<paragraph><![CDATA[this fall for Teff Field Day to witness the latest progress ]]></paragraph>
		<paragraph><![CDATA[in breeding teff, a tasty, nutritious grain that is native to ]]></paragraph>
		<paragraph><![CDATA[Ethiopia. Breeders with the UC Davis Plant Breeding Center ]]></paragraph>
		<paragraph><![CDATA[are partnering with Zion Taddese, owner of Sacramento’s ]]></paragraph>
		<paragraph><![CDATA[Queen Sheba Restaurant, to improve the productivity and ]]></paragraph>
		<paragraph><![CDATA[resilience of the grain often used to make flatbread. Teff is ]]></paragraph>
		<paragraph><![CDATA[high in iron and fiber and grows especially well in mild- ]]></paragraph>
		<paragraph><![CDATA[winter climates like those in California and Ethiopia. ]]></paragraph>
		<paragraph><![CDATA[]]></paragraph>
	</page>
	<page pageNumber="3">
		<paragraph><![CDATA[Can science save citrus? ]]></paragraph>
		<paragraph><![CDATA[A CA&ES researcher is seeking to commercialize equipment ]]></paragraph>
		<paragraph><![CDATA[that could be used as an early warning device to detect ]]></paragraph>
		<paragraph><![CDATA[a deadly disease in citrus long before trees show signs ]]></paragraph>
		<paragraph><![CDATA[of infection. Alireza Pourreza, a Cooperative Extension ]]></paragraph>
		<paragraph><![CDATA[specialist with the Department of Biological and Agricultural ]]></paragraph>
		<paragraph><![CDATA[Engineering, helped invent an optical sensing device that ]]></paragraph>
		<paragraph><![CDATA[detects a buildup of starch in leaves that can be an early ]]></paragraph>
		<paragraph><![CDATA[indication of infection from huanglongbing, or HLB. The ]]></paragraph>
		<paragraph><![CDATA[disease has crippled the Florida citrus business and is ]]></paragraph>
		<paragraph><![CDATA[threatening fresh citrus in California, too. ]]></paragraph>
		<paragraph><![CDATA[Finding solutions to rural poverty ]]></paragraph>
		<paragraph><![CDATA[UC Davis will lead a new global research program to build ]]></paragraph>
		<paragraph><![CDATA[and test ways to overcome some of the biggest challenges for ]]></paragraph>
		<paragraph><![CDATA[lifting and keeping rural families out of poverty in developing ]]></paragraph>
		<paragraph><![CDATA[countries. The Feed the Future Innovation Lab for Markets, ]]></paragraph>
		<paragraph><![CDATA[Risk and Resilience received a five-year, $30 million grant ]]></paragraph>
		<paragraph><![CDATA[from USAID to study the root causes of poverty and food ]]></paragraph>
		<paragraph><![CDATA[insecurity with an emphasis on recurring risks from disasters ]]></paragraph>
		<paragraph><![CDATA[like drought, flood and conflict. “As global development ]]></paragraph>
		<paragraph><![CDATA[efforts continue to improve, we still see humanitarian ]]></paragraph>
		<paragraph><![CDATA[disasters that strip rural families and communities of hard- ]]></paragraph>
		<paragraph><![CDATA[won gains,” said Professor Michael Carter, the innovation ]]></paragraph>
		<paragraph><![CDATA[lab’s director. “We will provide needed evidence on how to ]]></paragraph>
		<paragraph><![CDATA[accelerate those gains and to ensure they stick.” ]]></paragraph>
		<paragraph><![CDATA[Expanding the science of cannabis ]]></paragraph>
		<paragraph><![CDATA[Cannabis is available for medicinal and recreational use ]]></paragraph>
		<paragraph><![CDATA[in a majority of states, but cannabis research has long ]]></paragraph>
		<paragraph><![CDATA[struggled to keep pace with the law. To bring more scientific ]]></paragraph>
		<paragraph><![CDATA[understanding to the plant and its products, UC Davis ]]></paragraph>
		<paragraph><![CDATA[researchers have partnered with a federally compliant ]]></paragraph>
		<paragraph><![CDATA[pharmaceutical company—Biopharmaceutical Research ]]></paragraph>
		<paragraph><![CDATA[Company or BRC—to analyze the chemical and biological ]]></paragraph>
		<paragraph><![CDATA[profiles of cannabis. The work will help health care ]]></paragraph>
		<paragraph><![CDATA[providers, scientific professionals, law enforcement and ]]></paragraph>
		<paragraph><![CDATA[regulators better understand potential benefits and risks. ]]></paragraph>
		<paragraph><![CDATA[Davis and BRC researchers will analyze legally acquired ]]></paragraph>
		<paragraph><![CDATA[cannabis materials in BRC’s labs. There will be no cannabis ]]></paragraph>
		<paragraph><![CDATA[analyzed on the UC Davis campus or at any UC Davis-owned ]]></paragraph>
		<paragraph><![CDATA[or leased property as part of this research. ]]></paragraph>
		<paragraph><![CDATA[Gene-edited bull passes hornless trait to calves ]]></paragraph>
		<paragraph><![CDATA[For the past two years, CA&ES researchers have been ]]></paragraph>
		<paragraph><![CDATA[studying six offspring of a dairy bull that was genome-edited ]]></paragraph>
		<paragraph><![CDATA[to prevent it from growing horns. The technology could ]]></paragraph>
		<paragraph><![CDATA[provide a pain-free alternative to dehorning, a common ]]></paragraph>
		<paragraph><![CDATA[management practice performed to protect other cattle and ]]></paragraph>
		<paragraph><![CDATA[human handlers from injuries. Researchers report that none ]]></paragraph>
		<paragraph><![CDATA[of the bull’s offspring developed horns and blood work and ]]></paragraph>
		<paragraph><![CDATA[physical exams of the calves found they were all healthy. ]]></paragraph>
		<paragraph><![CDATA[DECEMBER 2019 3 ]]></paragraph>
		<paragraph><![CDATA[]]></paragraph>
	</page>
	<page pageNumber="4">
		<paragraph><![CDATA[Eight CA&ES faculty among world’s most-cited researchers ]]></paragraph>
		<paragraph><![CDATA[Eight of the 16 UC Davis researchers named in the annual Highly Cited Researchers 2019 list are CA&ES faculty. The list ]]></paragraph>
		<paragraph><![CDATA[identifies scientists who have published multiple papers ranking in the top 1 percent by citations in a particular field over a ]]></paragraph>
		<paragraph><![CDATA[10-year period. The researchers and their fields include: Eduardo Blumwald, plant sciences; Alan Crozier, nutrition; Kathryn ]]></paragraph>
		<paragraph><![CDATA[Dewey, nutrition; Jorge Dubcovsky, plant sciences; David Mills, food science and technology; Thomas Scott, entomology and ]]></paragraph>
		<paragraph><![CDATA[nematology; Andrew Sih, environmental science and policy; and Qi Zhang, environmental toxicology. ]]></paragraph>
		<paragraph><![CDATA[New Faculty ]]></paragraph>
		<paragraph><![CDATA[Awards Three new Cooperative Extension specialists are ]]></paragraph>
		<paragraph><![CDATA[joining CA&ES faculty in 2019-20. The new ]]></paragraph>
		<paragraph><![CDATA[experts and their specialties include: Mallika ]]></paragraph>
		<paragraph><![CDATA[Nocco, soil-plant-water relations; Guiliana Marino, ]]></paragraph>
		<paragraph><![CDATA[orchard production systems; and Brittney Goodrich, ]]></paragraph>
		<paragraph><![CDATA[sustainable agriculture management. ]]></paragraph>
		<paragraph><![CDATA[Anita Oberbauer, animal science professor ]]></paragraph>
		<paragraph><![CDATA[and CA&ES associate dean, was recently ]]></paragraph>
		<paragraph><![CDATA[honored by the AKC Canine Health ]]></paragraph>
		<paragraph><![CDATA[Foundation for her work dedicated to ]]></paragraph>
		<paragraph><![CDATA[advancing the health of dogs. The Asa Mays, ]]></paragraph>
		<paragraph><![CDATA[DVM Excellence in Canine Health Research Award is ]]></paragraph>
		<paragraph><![CDATA[presented to a research investigator who demonstrates ]]></paragraph>
		<paragraph><![CDATA[high achievement in identifying, characterizing and ]]></paragraph>
		<paragraph><![CDATA[treating canine diseases and ailments. ]]></paragraph>
		<paragraph><![CDATA[Glen Patrick Fox, a senior research fellow at ]]></paragraph>
		<paragraph><![CDATA[Australia’s University of Queensland, has become ]]></paragraph>
		<paragraph><![CDATA[UC Davis’ new Anheuser-Busch Endowed Professor ]]></paragraph>
		<paragraph><![CDATA[of Malting and Brewing Science. Fox succeeds Charlie ]]></paragraph>
		<paragraph><![CDATA[Bamforth, who held the position from 1999 until his ]]></paragraph>
		<paragraph><![CDATA[retirement last year. As an associate professor in the ]]></paragraph>
		<paragraph><![CDATA[Department of Food Science and Technology, Fox ]]></paragraph>
		<paragraph><![CDATA[will teach and conduct brewing science research. ]]></paragraph>
		<paragraph><![CDATA[New Leadership ]]></paragraph>
		<paragraph><![CDATA[The college leadership team ]]></paragraph>
		<paragraph><![CDATA[welcomes three new deans. Professor ]]></paragraph>
		<paragraph><![CDATA[Marcel Holyoak, an ecologist and ]]></paragraph>
		<paragraph><![CDATA[environmental science and policy ]]></paragraph>
		<paragraph><![CDATA[expert, has become the associate ]]></paragraph>
		<paragraph><![CDATA[dean for environmental sciences. ]]></paragraph>
		<paragraph><![CDATA[Professor Patsy Eubanks Owens, an ]]></paragraph>
		<paragraph><![CDATA[expert in landscape architecture and ]]></paragraph>
		<paragraph><![CDATA[environmental design, is associate ]]></paragraph>
		<paragraph><![CDATA[dean for human and social sciences. ]]></paragraph>
		<paragraph><![CDATA[Christopher Glick, who previously ]]></paragraph>
		<paragraph><![CDATA[worked in development and alumni ]]></paragraph>
		<paragraph><![CDATA[relations at UC Berkeley, was named ]]></paragraph>
		<paragraph><![CDATA[assistant dean of development and ]]></paragraph>
		<paragraph><![CDATA[external relations. ]]></paragraph>
		<paragraph><![CDATA[4 caes.ucdavis.edu ]]></paragraph>
		<paragraph><![CDATA[Awards Developmental psychologist Amanda ]]></paragraph>
		<paragraph><![CDATA[Guyer, a professor in the Department of ]]></paragraph>
		<paragraph><![CDATA[Human Ecology, is among the 2019 class of ]]></paragraph>
		<paragraph><![CDATA[fellows of the Association for Psychological ]]></paragraph>
		<paragraph><![CDATA[Science. Guyer investigates the neural and ]]></paragraph>
		<paragraph><![CDATA[behavioral underpinnings of adolescent psychopathology, ]]></paragraph>
		<paragraph><![CDATA[such as depression, anxiety and substance abuse through ]]></paragraph>
		<paragraph><![CDATA[social, emotional and cognitive processes. ]]></paragraph>
		<paragraph><![CDATA[Three CA&ES faculty members—Daniel ]]></paragraph>
		<paragraph><![CDATA[Choe (human ecology), Yanhong Liu ]]></paragraph>
		<paragraph><![CDATA[(animal science) and Barbara Blanco-Ulate ]]></paragraph>
		<paragraph><![CDATA[(plant sciences)—have been awarded 2019 ]]></paragraph>
		<paragraph><![CDATA[fellowships from the Hellman Fellows Fund, ]]></paragraph>
		<paragraph><![CDATA[which supports early-career faculty. Choe is ]]></paragraph>
		<paragraph><![CDATA[examining whether low-income toddlers’ and ]]></paragraph>
		<paragraph><![CDATA[mothers’ social, behavioral and physiological ]]></paragraph>
		<paragraph><![CDATA[regulation protect against poverty-related ]]></paragraph>
		<paragraph><![CDATA[stressors. Liu explores dietary alternatives ]]></paragraph>
		<paragraph><![CDATA[to antibiotic growth promoters in livestock ]]></paragraph>
		<paragraph><![CDATA[and poultry. Blanco-Ulate is examining how ]]></paragraph>
		<paragraph><![CDATA[particular changes in genetic regulation ]]></paragraph>
		<paragraph><![CDATA[during fruit ripening impact the ability of ]]></paragraph>
		<paragraph><![CDATA[fruit to fight disease. ]]></paragraph>
		<paragraph><![CDATA[DECEMBER 2019 ]]></paragraph>
		<paragraph><![CDATA[]]></paragraph>
	</page>
</results>