﻿<?xml version="1.0" encoding="UTF-8" standalone="yes"?>
<!--Copyright 2016, 3D Issue Ltd, All rights reserved-->
<!--Mac OSX 140733193388042.140728898420749.106377749987331 Intel-->
<value000>
	<value030 value310="80" value701="989776" value702="158656" value702a="185487" value703a="158369:158656:185487:2018SpringSummerOutlook" value704="" value705="1523033399712" value031="1275" value032="1650" optimumDPI="236" value040="28" value052a="0" value052b="175" value052c="140" value052e="" value052d="0xffffff" value051="intro.png" value051a="2" value051c="185" value051d="162" value051e="" value210="false" value213a="1" value213b="1" value213c="assets/background/background.jpg" value213d="0x1d1d1d" value189="false" value190="false" value190a="false" value311="CA&amp;ES Outlook" value311b="CA&amp;ES Outlook" value311c="UC Davis CA&amp;ES Outlook" value311d="" value312="English U.S." value201="1" value306="6" value315="25" value402="true" value300="" value196="false" value196u="false" value332="false" value333="true" value334="true" value304="false" value314="false" value703="true" value203="true" value207="false" value204a="5000" value202="l2r" value327="3" value327a="3" value034="0" value035="2" value037="3" value038="4" value039="5" value322="1" value171="6" value319="11" value301="7" value205="12" value204="0" value323="8" value206="9" value320="10" value318="12" value326="true" value195a="true" value195c="false" value195d="false" value195e="false" value195g="true" value195ea="0" value173="false" value174="false" value209="true" value209a="false" value325="ffffff" value325a="000000" value331="000000" value309="flip" value318b="thumbnails" value318a="top" value318c="1" value307="0" value307a="false" value307b="https://" value307c="false" value307d="https://" value307e="1" value194="php" value504="89" value505="236" value506="3" value507="1" optimizeIpad="true" universalAnalytics="true" value500="true" value328="false" value400="true" value400a="4" value401="" value401a="800" value401b="600" value313="" value195f="false" value170="2" value600="0" value601="0" value610="0" value611="0" value503="2018SpringSummerOutlook" value508="http://www.3dissue.com/?utm_source=3dissue-logo&amp;utm_medium=referral&amp;utm_campaign=en"/>
	<SEODescription><![CDATA[]]></SEODescription>
	<SEOKeywords><![CDATA[Digital Magazine, Digital Edition, e-replica, e publishing, digital publishing software, eMag, PageFlip, 3dissue, 3D Issue]]></SEOKeywords>
	<value002 lang="English U.S." flag="us">
		<value628><![CDATA[Submit]]></value628>
		<value629><![CDATA[Reset]]></value629>
		<value750><![CDATA[NEXT PAGE]]></value750>
		<value751><![CDATA[PREVIOUS PAGE]]></value751>
		<value752><![CDATA[Click anywhere on a page to zoom.]]></value752>
		<value753><![CDATA[Click on]]></value753>
		<value754><![CDATA[Buttons]]></value754>
		<value755><![CDATA[Hotspots]]></value755>
		<value630><![CDATA[Comment]]></value630>
		<value756><![CDATA[for interactive features]]></value756>
		<value757><![CDATA[and]]></value757>
		<value632><![CDATA[Enter your name]]></value632>
		<value758><![CDATA[(Click anywhere to close overlay)]]></value758>
		<value633><![CDATA[Your email is not valid]]></value633>
		<value759><![CDATA[Click and drag a corner to turn a page]]></value759>
		<value634><![CDATA[Enter your friend's name]]></value634>
		<value635><![CDATA[Your friends email is not valid]]></value635>
		<value636><![CDATA[Submit Error!]]></value636>
		<value637><![CDATA[Please wait while sending your message]]></value637>
		<value638><![CDATA[Error occur while sending your message]]></value638>
		<value760><![CDATA[Click and drag to turn page]]></value760>
		<value761><![CDATA[PAGE THUMBNAILS]]></value761>
		<value762><![CDATA[PAGE BUTTONS]]></value762>
		<value763><![CDATA[Click on a thumbnail to jump to that page]]></value763>
		<value764><![CDATA[Enter page number to jump to that page or click on navigation buttons]]></value764>
		<value800><![CDATA[NO CONTENT FOUND]]></value800>
		<value765><![CDATA[Would you like to view this in the]]></value765>
		<value640><![CDATA[Your message is successfully sent!]]></value640>
		<value801><![CDATA[Unfortunately we cannot seem to find any content from the URL you have chosen.]]></value801>
		<value766><![CDATA[Select All]]></value766>
		<value641><![CDATA[Search]]></value641>
		<value802><![CDATA[Feature temporarily unavailable.]]></value802>
		<value803><![CDATA[Slide Share]]></value803>
		<value767><![CDATA[Select None]]></value767>
		<value642><![CDATA[matches found]]></value642>
		<value804><![CDATA[Vimeo]]></value804>
		<value768><![CDATA[This feature is not available on 3D Issue's trial hosting. To see this feature in action, please upload to your own domain.]]></value768>
		<value643><![CDATA[No matches found]]></value643>
		<value805><![CDATA[Flickr]]></value805>
		<value769><![CDATA[Image gallery]]></value769>
		<value644><![CDATA[Page]]></value644>
		<value645><![CDATA[Print]]></value645>
		<value806><![CDATA[Article]]></value806>
		<value646><![CDATA[Print Current]]></value646>
		<value807><![CDATA[Write]]></value807>
		<value647><![CDATA[Print Selected]]></value647>
		<value808><![CDATA[Email Article]]></value808>
		<value648><![CDATA[printing pages]]></value648>
		<value809><![CDATA[Tumblr]]></value809>
		<value770><![CDATA[Username]]></value770>
		<value771><![CDATA[Password]]></value771>
		<value772><![CDATA[Login]]></value772>
		<value773><![CDATA[Forgot Password]]></value773>
		<value810><![CDATA[Get Adobe Flash Player]]></value810>
		<value774><![CDATA[Register]]></value774>
		<value650><![CDATA[Zoom to double page]]></value650>
		<value811><![CDATA[It seems you do not have Adobe Flash Player installed. You have been redirected to the HTML5 version.]]></value811>
		<value775><![CDATA[Login Failed]]></value775>
		<value651><![CDATA[Zoom to single page]]></value651>
		<value812><![CDATA[Autoflip Off]]></value812>
		<value776><![CDATA[Invalid username or password]]></value776>
		<value652><![CDATA[When zoomed in, navigate by moving the mouse]]></value652>
		<value813><![CDATA[Clipping tool]]></value813>
		<value777><![CDATA[Publication does not exist]]></value777>
		<value653><![CDATA[When zoomed in, navigate by clicking and dragging the pages]]></value653>
		<value778><![CDATA[Wrong information received]]></value778>
		<value654><![CDATA[Zoom to]]></value654>
		<value815><![CDATA[Clip it]]></value815>
		<value779><![CDATA[Too many unsuccessful login attempts. Account has been locked. Please contact publisher.]]></value779>
		<value655><![CDATA[browser width]]></value655>
		<value816><![CDATA[Translate]]></value816>
		<value656><![CDATA[Custom Zoom]]></value656>
		<value817><![CDATA[Left Page]]></value817>
		<value657><![CDATA[Fullscreen]]></value657>
		<value818><![CDATA[Right Page]]></value818>
		<value658><![CDATA[Bookmarks]]></value658>
		<value819><![CDATA[Double Page]]></value819>
		<value659><![CDATA[Notes]]></value659>
		<value780><![CDATA[View]]></value780>
		<value781><![CDATA[User Login]]></value781>
		<value782><![CDATA[Check this out: ]]></value782>
		<value783><![CDATA[View cart]]></value783>
		<value820><![CDATA[Select Language]]></value820>
		<value784><![CDATA[Add to cart]]></value784>
		<value785><![CDATA[Enter text here...]]></value785>
		<value660><![CDATA[View note]]></value660>
		<value786><![CDATA[Choose which option you wish to download]]></value786>
		<value661><![CDATA[Note]]></value661>
		<value823><![CDATA[Click to read]]></value823>
		<value662><![CDATA[Yes]]></value662>
		<value787><![CDATA[Online media not available locally.]]></value787>
		<value824><![CDATA[Close]]></value824>
		<value788><![CDATA[Call:]]></value788>
		<value663><![CDATA[No]]></value663>
		<value789><![CDATA[HTML5 Animation]]></value789>
		<value664><![CDATA[New]]></value664>
		<value826><![CDATA[Webpage]]></value826>
		<value665><![CDATA[Delete]]></value665>
		<value666><![CDATA[Page]]></value666>
		<value667><![CDATA[Add]]></value667>
		<value668><![CDATA[Cancel]]></value668>
		<value669><![CDATA[Are you sure you want to delete these notes?]]></value669>
		<value790><![CDATA[Play Audio]]></value790>
		<value791><![CDATA[Page Sound]]></value791>
		<value792><![CDATA[Hotspot Sound]]></value792>
		<value793><![CDATA[MORE]]></value793>
		<value795><![CDATA[Facebook]]></value795>
		<value670><![CDATA[New note]]></value670>
		<value796><![CDATA[RSS]]></value796>
		<value671><![CDATA[Bookmark]]></value671>
		<value797><![CDATA[Twitter]]></value797>
		<value672><![CDATA[Are you sure you want to delete these bookmarks?]]></value672>
		<value798><![CDATA[Google+]]></value798>
		<value673><![CDATA[New bookmark]]></value673>
		<value799><![CDATA[YouTube]]></value799>
		<value674><![CDATA[Share via]]></value674>
		<value675><![CDATA[Yourself]]></value675>
		<value676><![CDATA[Friend]]></value676>
		<value677><![CDATA[Download the offline version?]]></value677>
		<value678><![CDATA[Slide]]></value678>
		<value679><![CDATA[Flip]]></value679>
		<value812a><![CDATA[Autoflip On]]></value812a>
		<value680><![CDATA[Pause]]></value680>
		<value681><![CDATA[Play]]></value681>
		<value682><![CDATA[Volume]]></value682>
		<value683><![CDATA[Click to play]]></value683>
		<value684><![CDATA[Clear Results]]></value684>
		<value685><![CDATA[Are you sure you want to close the digital magazine?]]></value685>
		<value686><![CDATA[Alert]]></value686>
		<value687><![CDATA[File]]></value687>
		<value688><![CDATA[could not be found.]]></value688>
		<value600><![CDATA[Contents]]></value600>
		<value689><![CDATA[Ok]]></value689>
		<value601><![CDATA[Print]]></value601>
		<value602><![CDATA[Download]]></value602>
		<value603><![CDATA[Search]]></value603>
		<value604><![CDATA[Share]]></value604>
		<value605><![CDATA[Settings]]></value605>
		<value606><![CDATA[Thumbnails]]></value606>
		<value607><![CDATA[Archive]]></value607>
		<value608><![CDATA[Help]]></value608>
		<value609><![CDATA[Exit]]></value609>
		<value690><![CDATA[Warning]]></value690>
		<value691><![CDATA[Text cannot be entered in fullscreen mode. Would you like to exit fullscreen mode?]]></value691>
		<value692><![CDATA[Click and drag note to its location.]]></value692>
		<value693><![CDATA[Paragraph]]></value693>
		<value694><![CDATA[About Us]]></value694>
		<value731><![CDATA[This feature is not available in Preview mode]]></value731>
		<value695><![CDATA[3DIssue was designed to ensure that publishers would be able to convert their PDFs to flash magazines without the need of hiring specialist services.]]></value695>
		<value732><![CDATA[No page(s) selected to print.]]></value732>
		<value696><![CDATA[This feature is not available in fullscreen mode. Would you like to exit fullscreen mode?]]></value696>
		<value733><![CDATA[You must select at least one of the options to email 'yourself' or a 'friend'.]]></value733>
		<value697><![CDATA[Save login details]]></value697>
		<value734><![CDATA[Some information is missing. Please fill in all fields before clicking submit.]]></value734>
		<value735><![CDATA[Enter the details of your new bookmark below:]]></value735>
		<value610><![CDATA[Email:]]></value610>
		<value736><![CDATA[No bookmark(s) selected. Please select at least one bookmark before proceeding.]]></value736>
		<value611><![CDATA[Web:]]></value611>
		<value737><![CDATA[Reached quota limit for bookmark storage. Cannot add any more bookmarks.]]></value737>
		<value612><![CDATA[Jump to page:]]></value612>
		<value613><![CDATA[Download file]]></value613>
		<value614><![CDATA[Audio clip]]></value614>
		<value615><![CDATA[Play flash file]]></value615>
		<value616><![CDATA[Play video clip]]></value616>
		<value617><![CDATA[Leave comment]]></value617>
		<value619><![CDATA[Ready]]></value619>
		<value741><![CDATA[Page Transition]]></value741>
		<value742><![CDATA[Information]]></value742>
		<value743><![CDATA[Presentation]]></value743>
		<value744><![CDATA[selected]]></value744>
		<value745><![CDATA[Bookmark Current Page]]></value745>
		<value620><![CDATA[Complete]]></value620>
		<value746><![CDATA[This page is already bookmarked]]></value746>
		<value621><![CDATA[Seeking]]></value621>
		<value747><![CDATA[of]]></value747>
		<value622><![CDATA[Email]]></value622>
		<value748><![CDATA[Add note]]></value748>
		<value623><![CDATA[Your name]]></value623>
		<value624><![CDATA[Your email Address]]></value624>
		<value625><![CDATA[Your friend's Name]]></value625>
		<value626><![CDATA[Your friend's email address]]></value626>
		<value627><![CDATA[Click here to add message]]></value627>
	</value002>
	<ibuttons>
		<value01>png</value01>
		<value02>png</value02>
		<value03>png</value03>
		<value04>png</value04>
		<value05>png</value05>
		<value06>png</value06>
		<value07>png</value07>
		<value08>png</value08>
		<value09>png</value09>
		<value10>png</value10>
		<value11>png</value11>
		<value12>png</value12>
		<value13>png</value13>
		<value14>png</value14>
		<value15>png</value15>
		<value16>png</value16>
	</ibuttons>
	<value001>
		<value012 value013="hot" value013a="wl" value014="3" value016="90" value017="888" value018="140" value019="15" value019a="0" value022="" value023a="0xe7cd6c" value024a="0.40" value023b="0xffffff" value024b="0.00" value025a="false" value025b="false" value020="http://outlook.ucdavis.edu"/>
		<value012 value013="hot" value013a="em" value014="3" value016="75" value017="988" value018="191" value019="15" value019a="0" value022="" value023a="0xe7cd6c" value024a="0.40" value023b="0xffffff" value024b="0.00" value025a="false" value025b="false" value020="outlook@agdean.ucdavis.edu"/>
		<value012 value013="hot" value013a="gtp" value014="3" value016="387" value017="1389" value018="223" value019="35" value019a="0" value022="Page 2" value023a="0xe7cd6c" value024a="0.40" value023b="0xffffff" value024b="0.00" value025a="false" value025b="false" value020="4"/>
		<value012 value013="hot" value013a="gtp" value014="3" value016="824" value017="572" value018="181" value019="156" value019a="0" value022="Page 4" value023a="0xe7cd6c" value024a="0.40" value023b="0xffffff" value024b="0.00" value025a="false" value025b="false" value020="6"/>
		<value012 value013="hot" value013a="gtp" value014="3" value016="1028" value017="573" value018="178" value019="156" value019a="0" value022="Page 8" value023a="0xe7cd6c" value024a="0.40" value023b="0xffffff" value024b="0.00" value025a="false" value025b="false" value020="10"/>
		<value012 value013="hot" value013a="gtp" value014="3" value016="826" value017="790" value018="188" value019="189" value019a="0" value022="Page 10" value023a="0xe7cd6c" value024a="0.40" value023b="0xffffff" value024b="0.00" value025a="false" value025b="false" value020="12"/>
		<value012 value013="hot" value013a="gtp" value014="3" value016="1037" value017="793" value018="163" value019="181" value019a="0" value022="Page 14" value023a="0xe7cd6c" value024a="0.40" value023b="0xffffff" value024b="0.00" value025a="false" value025b="false" value020="16"/>
		<value012 value013="hot" value013a="gtp" value014="3" value016="821" value017="1021" value018="199" value019="168" value019a="0" value022="Page 16" value023a="0xe7cd6c" value024a="0.40" value023b="0xffffff" value024b="0.00" value025a="false" value025b="false" value020="18"/>
		<value012 value013="hot" value013a="gtp" value014="3" value016="1037" value017="1022" value018="186" value019="164" value019a="0" value022="Page 18" value023a="0xe7cd6c" value024a="0.40" value023b="0xffffff" value024b="0.00" value025a="false" value025b="false" value020="20"/>
		<value012 value013="hot" value013a="gtp" value014="3" value016="962" value017="1390" value018="191" value019="34" value019a="0" value022="Page 25" value023a="0xe7cd6c" value024a="0.40" value023b="0xffffff" value024b="0.00" value025a="false" value025b="false" value020="27"/>
		<value012 value013="hot" value013a="gtp" value014="3" value016="669" value017="1503" value018="202" value019="34" value019a="0" value022="Page 24" value023a="0xe7cd6c" value024a="0.40" value023b="0xffffff" value024b="0.00" value025a="false" value025b="false" value020="26"/>
		<value012 value013="hot" value013a="gtp" value014="3" value016="671" value017="1387" value018="215" value019="35" value019a="0" value022="Page 20" value023a="0xe7cd6c" value024a="0.40" value023b="0xffffff" value024b="0.00" value025a="false" value025b="false" value020="22"/>
		<value012 value013="hot" value013a="gtp" value014="3" value016="674" value017="1448" value018="275" value019="30" value019a="0" value022="Page 23" value023a="0xe7cd6c" value024a="0.40" value023b="0xffffff" value024b="0.00" value025a="false" value025b="false" value020="25"/>
		<value012 value013="hot" value013a="gtp" value014="3" value016="383" value017="1505" value018="241" value019="32" value019a="0" value022="Page 19" value023a="0xe7cd6c" value024a="0.40" value023b="0xffffff" value024b="0.00" value025a="false" value025b="false" value020="21"/>
		<value012 value013="hot" value013a="gtp" value014="3" value016="378" value017="1443" value018="202" value019="35" value019a="0" value022="Page 12" value023a="0xe7cd6c" value024a="0.40" value023b="0xffffff" value024b="0.00" value025a="false" value025b="false" value020="14"/>
		<value012 value013="hot" value013a="em" value014="4" value016="129" value017="1496" value018="183" value019="20" value019a="0" value022="" value023a="0xe7cd6c" value024a="0.40" value023b="0xffffff" value024b="0.00" value025a="false" value025b="false" value020="snalbers@ucdavis.edu"/>
		<value012 value013="hot" value013a="wl" value014="4" value016="74" value017="1522" value018="186" value019="20" value019a="0" value022="" value023a="0xe7cd6c" value024a="0.40" value023b="0xffffff" value024b="0.00" value025a="false" value025b="false" value020="http://DavisScienceSays.com"/>
		<value012 value013="hot" value013a="wl" value014="5" value016="530" value017="550" value018="202" value019="22" value019a="0" value022="" value023a="0xe7cd6c" value024a="0.40" value023b="0xffffff" value024b="0.00" value025a="false" value025b="false" value020="http://olivecenter.ucdavis.edu"/>
		<value012 value013="hot" value013a="wl" value014="5" value016="1104" value017="1259" value018="117" value019="22" value019a="0" value022="" value023a="0xe7cd6c" value024a="0.40" value023b="0xffffff" value024b="0.00" value025a="false" value025b="false" value020="http://tinyurl.com/UCDavisranking"/>
		<value012 value013="hot" value013a="wl" value014="5" value016="414" value017="1494" value018="283" value019="22" value019a="0" value022="" value023a="0xe7cd6c" value024a="0.40" value023b="0xffffff" value024b="0.00" value025a="false" value025b="false" value020="http://tinyurl.com/UCDavisResilience"/>
		<value012 value013="hot" value013a="wl" value014="5" value016="789" value017="1284" value018="151" value019="24" value019a="0" value022="" value023a="0xe7cd6c" value024a="0.40" value023b="0xffffff" value024b="0.00" value025a="false" value025b="false" value020="http://tinyurl.com/UCDavisranking"/>
		<value012 value013="hot" value013a="wl" value014="6" value016="942" value017="1122" value018="62" value019="23" value019a="0" value022="" value023a="0xe7cd6c" value024a="0.40" value023b="0xffffff" value024b="0.00" value025a="false" value025b="false" value020="http://Huber.to"/>
		<value012 value013="hot" value013a="wl" value014="11" value016="786" value017="933" value018="108" value019="20" value019a="0" value022="" value023a="0xe7cd6c" value024a="0.40" value023b="0xffffff" value024b="0.00" value025a="false" value025b="false" value020="http://Agrilinks.org"/>
		<value012 value013="hot" value013a="wl" value014="17" value016="645" value017="564" value018="197" value019="20" value019a="0" value022="" value023a="0xe7cd6c" value024a="0.40" value023b="0xffffff" value024b="0.00" value025a="false" value025b="false" value020="http://caes.ucdavis.edu/news/barngood"/>
		<value012 value013="hot" value013a="wl" value014="17" value016="643" value017="589" value018="86" value019="21" value019a="0" value022="" value023a="0xe7cd6c" value024a="0.40" value023b="0xffffff" value024b="0.00" value025a="false" value025b="false" value020="http://caes.ucdavis.edu/news/barngood"/>
		<value012 value013="hot" value013a="vos" value014="17" value016="422" value017="997" value018="808" value019="566" value019a="0" value022="" value023a="0xe7cd6c" value024a="0.40" value023b="0xffffff" value024b="0.00" value025a="false" value025b="false" value020="eeGI4IKi4ns" value028="640" value029="480" value020b="" value022a="" value020d="youtube"/>
		<value012 value013="hot" value013a="wl" value014="20" value016="862" value017="1539" value018="282" value019="18" value019a="0" value022="" value023a="0xe7cd6c" value024a="0.40" value023b="0xffffff" value024b="0.00" value025a="false" value025b="false" value020="http://caes.ucdavis.edu/news/WoodDucks"/>
		<value012 value013="hot" value013a="vos" value014="20" value016="656" value017="214" value018="602" value019="328" value019a="0" value022="" value023a="0xe7cd6c" value024a="0.40" value023b="0xffffff" value024b="0.00" value025a="false" value025b="false" value020="I_lAZOk1WM0" value028="640" value029="480" value020b="" value022a="" value020d="youtube"/>
		<value012 value013="hot" value013a="wl" value014="21" value016="425" value017="1477" value018="139" value019="18" value019a="0" value022="" value023a="0xe7cd6c" value024a="0.40" value023b="0xffffff" value024b="0.00" value025a="false" value025b="false" value020="http://bit.ly/DerekBaljeu"/>
		<value012 value013="hot" value013a="pvl" value014="21" value016="725" value017="1077" value018="524" value019="386" value019a="0" value022="" value023a="0xe7cd6c" value024a="0.40" value023b="0xffffff" value024b="0.00" value025a="false" value025b="false" value020="kHBvLHpG7Qs" value028="640" value029="480" value020b="" value022a="" value020d="youtube"/>
		<value012 value013="hot" value013a="wl" value014="22" value016="212" value017="1175" value018="127" value019="20" value019a="0" value022="" value023a="0xe7cd6c" value024a="0.40" value023b="0xffffff" value024b="0.00" value025a="false" value025b="false" value020="http://caes.cdavis.edu"/>
		<value012 value013="hot" value013a="wl" value014="22" value016="530" value017="1195" value018="117" value019="50" value019a="0" value022="" value023a="0xe7cd6c" value024a="0.40" value023b="0xffffff" value024b="0.00" value025a="false" value025b="false" value020="http://www.caes.ucdavis.edu/about/directory/fsd/gattardo"/>
		<value012 value013="hot" value013a="wl" value014="22" value016="764" value017="1195" value018="130" value019="21" value019a="0" value022="" value023a="0xe7cd6c" value024a="0.40" value023b="0xffffff" value024b="0.00" value025a="false" value025b="false" value020="http://www.caes.ucdavis.edu/about/directory/fsd/NBrazil"/>
		<value012 value013="hot" value013a="wl" value014="23" value016="72" value017="434" value018="196" value019="22" value019a="0" value022="" value023a="0xe7cd6c" value024a="0.40" value023b="0xffffff" value024b="0.00" value025a="false" value025b="false" value020="http://www.caes.ucdavis.edu/about/directory/fsd/TBuckley"/>
		<value012 value013="hot" value013a="wl" value014="23" value016="989" value017="434" value018="202" value019="25" value019a="0" value022="" value023a="0xe7cd6c" value024a="0.40" value023b="0xffffff" value024b="0.00" value025a="false" value025b="false" value020="http://www.caes.ucdavis.edu/about/directory/fsd/JEmerson"/>
		<value012 value013="hot" value013a="wl" value014="23" value016="70" value017="1193" value018="179" value019="26" value019a="0" value022="" value023a="0xe7cd6c" value024a="0.40" value023b="0xffffff" value024b="0.00" value025a="false" value025b="false" value020="http://www.caes.ucdavis.edu/about/directory/fsd/jfalbe"/>
		<value012 value013="hot" value013a="wl" value014="23" value016="760" value017="1196" value018="88" value019="21" value019a="0" value022="" value023a="0xe7cd6c" value024a="0.40" value023b="0xffffff" value024b="0.00" value025a="false" value025b="false" value020="http://www.caes.ucdavis.edu/about/directory/fsd/pji"/>
		<value012 value013="hot" value013a="wl" value014="23" value016="991" value017="1197" value018="161" value019="20" value019a="0" value022="" value023a="0xe7cd6c" value024a="0.40" value023b="0xffffff" value024b="0.00" value025a="false" value025b="false" value020="http://www.caes.ucdavis.edu/about/directory/fsd/IKisekka"/>
		<value012 value013="hot" value013a="wl" value014="24" value016="300" value017="432" value018="135" value019="50" value019a="0" value022="" value023a="0xe7cd6c" value024a="0.40" value023b="0xffffff" value024b="0.00" value025a="false" value025b="false" value020="http://www.caes.ucdavis.edu/about/directory/fsd/VKoundinya"/>
		<value012 value013="hot" value013a="wl" value014="24" value016="530" value017="432" value018="161" value019="26" value019a="0" value022="" value023a="0xe7cd6c" value024a="0.40" value023b="0xffffff" value024b="0.00" value025a="false" value025b="false" value020="http://www.caes.ucdavis.edu/about/directory/fsd/tran-nguyen"/>
		<value012 value013="hot" value013a="wl" value014="24" value016="762" value017="434" value018="195" value019="22" value019a="0" value022="" value023a="0xe7cd6c" value024a="0.40" value023b="0xffffff" value024b="0.00" value025a="false" value025b="false" value020="http://www.caes.ucdavis.edu/about/directory/fsd/eprado"/>
		<value012 value013="hot" value013a="wl" value014="24" value016="300" value017="1182" value018="212" value019="26" value019a="0" value022="" value023a="0xe7cd6c" value024a="0.40" value023b="0xffffff" value024b="0.00" value025a="false" value025b="false" value020="http://www.caes.ucdavis.edu/about/directory/fsd/CSwett"/>
		<value012 value013="hot" value013a="wl" value014="28" value016="704" value017="1530" value018="496" value019="26" value019a="0" value022="" value023a="0xe7cd6c" value024a="0.40" value023b="0xffffff" value024b="0.00" value025a="false" value025b="false" value020="http://GIVE.UCDAVIS.EDU/GO/EXPERIENTIAL"/>
	</value001>
</value000>